"hh_number","hh_size_1","hh_size_2","hh_size_3","hh_size_4","hh_size_5","hh_size_6","hh_size_7"
1,1,2,3,3,5,5,7
2,1,1,1,2,4,5,4
3,1,1,3,2,1,6,3
4,1,2,1,1,5,6,7
5,1,1,2,2,1,3,4
6,1,2,1,2,4,6,6
7,1,1,2,1,1,1,5
8,1,1,2,3,5,2,1
9,1,2,1,4,2,6,6
10,1,2,1,4,3,4,3
11,1,2,1,1,2,5,2
12,1,1,3,2,2,4,6
13,1,1,1,3,2,5,1
14,1,2,2,1,2,1,1
15,1,2,3,4,5,1,5
16,1,2,2,3,5,6,1
17,1,1,2,2,3,6,1
18,1,2,2,2,3,5,2
19,1,2,2,1,5,5,2
20,1,1,1,3,2,2,5
21,1,1,2,2,1,6,4
22,1,1,3,1,2,3,6
23,1,2,1,4,2,4,2
24,1,2,1,4,1,2,7
25,1,2,1,3,2,4,1
26,1,2,1,3,4,4,6
27,1,2,2,3,1,6,4
28,1,1,3,2,2,3,2
29,1,2,2,4,2,4,1
30,1,1,1,1,4,4,2
31,1,1,1,4,1,4,5
32,1,2,1,2,1,5,2
33,1,2,3,4,3,1,7
34,1,1,3,4,5,4,4
35,1,1,1,1,1,1,4
36,1,1,3,3,2,5,4
37,1,1,1,3,1,3,5
38,1,1,3,2,2,3,1
39,1,1,1,4,3,4,2
40,1,1,3,1,1,1,2
41,1,1,1,4,2,4,3
42,1,2,2,2,5,4,1
43,1,1,3,2,2,3,7
44,1,2,1,1,1,4,7
45,1,2,2,1,1,4,2
46,1,2,1,4,5,4,6
47,1,1,1,4,3,5,3
48,1,2,1,2,3,5,3
49,1,2,3,2,2,1,2
50,1,1,2,3,4,5,7
51,1,2,3,3,3,3,7
52,1,2,2,4,4,3,3
53,1,2,2,2,2,1,3
54,1,1,2,1,3,5,3
55,1,1,1,1,2,4,3
56,1,2,3,1,2,1,3
57,1,2,2,4,4,6,5
58,1,2,3,1,5,6,6
59,1,2,1,1,5,2,1
60,1,2,2,1,5,2,1
61,1,2,2,4,4,3,5
62,1,1,3,1,4,5,4
63,1,1,3,2,4,4,4
64,1,1,1,4,4,2,5
65,1,1,2,1,4,3,6
66,1,2,3,2,2,3,6
67,1,1,2,4,1,4,6
68,1,2,2,1,4,1,6
69,1,2,2,3,4,5,6
70,1,1,2,2,4,4,4
71,1,1,2,1,5,2,1
72,1,2,1,4,1,2,5
73,1,2,1,4,2,5,1
74,1,2,1,3,2,2,4
75,1,2,1,3,4,2,5
76,1,2,2,2,4,1,6
77,1,2,3,2,5,2,5
78,1,1,2,2,1,2,4
79,1,2,3,1,5,2,5
80,1,2,3,3,4,2,5
81,1,1,2,4,1,1,2
82,1,2,2,3,4,5,6
83,1,2,3,1,5,5,5
84,1,2,1,2,4,3,6
85,1,1,2,3,3,1,6
86,1,2,3,3,2,3,4
87,1,1,2,4,2,2,2
88,1,2,2,1,2,6,7
89,1,1,3,2,4,2,5
90,1,1,2,2,3,3,3
91,1,2,1,1,1,4,1
92,1,1,1,4,3,1,2
93,1,2,1,3,2,6,7
94,1,1,1,3,5,2,4
95,1,2,3,1,5,2,7
96,1,2,3,1,3,5,2
97,1,1,2,2,1,4,3
98,1,2,3,1,3,5,3
99,1,1,3,3,5,2,3
100,1,1,2,4,1,5,5
101,1,2,3,3,4,5,3
102,1,1,1,1,5,6,4
103,1,1,3,4,2,3,3
104,1,2,2,4,1,6,4
105,1,1,1,1,4,1,7
106,1,1,3,2,2,1,2
107,1,1,1,1,4,4,2
108,1,2,2,1,5,1,2
109,1,2,3,3,5,3,4
110,1,2,3,1,3,5,2
111,1,2,1,3,2,3,4
112,1,2,3,3,1,2,2
113,1,2,1,1,4,3,2
114,1,1,2,1,5,3,1
115,1,1,3,3,5,1,6
116,1,1,3,1,3,5,5
117,1,1,2,3,4,4,7
118,1,1,3,1,2,5,7
119,1,1,2,4,5,1,2
120,1,1,1,4,1,1,4
121,1,1,3,2,4,6,3
122,1,1,3,1,3,1,4
123,1,1,2,4,2,2,7
124,1,1,2,2,2,4,5
125,1,1,1,2,5,2,4
126,1,1,1,2,2,6,6
127,1,1,3,3,1,2,1
128,1,1,1,4,4,1,1
129,1,2,2,3,5,1,7
130,1,2,3,1,1,2,1
131,1,2,1,3,4,2,2
132,1,2,2,4,1,2,6
133,1,2,1,3,4,4,1
134,1,1,3,4,1,6,2
135,1,1,3,4,3,6,4
136,1,2,2,1,1,2,1
137,1,2,1,3,2,6,6
138,1,1,1,3,1,5,1
139,1,1,3,1,1,2,6
140,1,1,2,2,3,6,2
141,1,2,1,4,2,5,6
142,1,1,2,1,2,5,5
143,1,1,1,1,2,2,3
144,1,1,3,4,2,5,5
145,1,1,3,1,3,5,4
146,1,2,2,3,1,6,3
147,1,1,1,2,2,4,7
148,1,2,3,1,5,4,3
149,1,2,3,4,3,6,2
150,1,1,1,4,4,3,2
151,1,2,3,2,4,3,4
152,1,1,2,1,1,5,7
153,1,2,2,2,1,4,6
154,1,2,3,2,1,1,6
155,1,2,3,2,1,4,1
156,1,2,2,2,5,2,4
157,1,2,3,1,5,6,7
158,1,2,3,1,4,2,2
159,1,2,2,2,5,3,6
160,1,2,3,1,3,2,1
161,1,2,1,2,2,4,1
162,1,1,2,3,3,2,5
163,1,1,2,1,1,4,4
164,1,2,2,4,5,1,5
165,1,2,3,3,5,4,1
166,1,2,3,3,2,1,6
167,1,2,3,2,5,3,3
168,1,2,3,2,2,3,2
169,1,1,1,3,2,4,2
170,1,1,3,3,5,6,4
171,1,1,3,1,1,4,6
172,1,1,1,1,1,1,4
173,1,1,1,4,4,4,6
174,1,1,3,4,5,5,1
175,1,1,2,3,1,5,3
176,1,1,2,4,4,3,2
177,1,2,1,4,5,5,7
178,1,1,3,4,3,3,5
179,1,2,1,4,3,4,1
180,1,2,2,4,3,5,7
181,1,1,1,3,4,1,1
182,1,2,3,1,3,1,1
183,1,1,1,4,5,2,3
184,1,2,1,2,5,4,6
185,1,2,1,3,4,5,1
186,1,1,1,4,3,6,3
187,1,1,3,1,4,5,4
188,1,2,1,3,2,3,1
189,1,2,2,2,1,6,4
190,1,2,3,2,2,3,1
191,1,1,3,3,5,2,5
192,1,2,2,3,3,5,3
193,1,2,2,3,5,6,7
194,1,2,3,1,4,2,2
195,1,2,2,3,3,5,6
196,1,2,1,2,2,1,6
197,1,2,3,4,5,3,3
198,1,1,3,1,4,6,4
199,1,2,3,3,1,3,3
200,1,2,1,1,2,6,1
201,1,2,3,4,3,6,4
202,1,2,1,1,2,3,5
203,1,2,3,1,5,1,2
204,1,2,2,1,2,6,3
205,1,1,3,1,1,3,6
206,1,2,2,1,1,5,3
207,1,2,1,3,5,4,2
208,1,1,1,3,5,3,4
209,1,1,3,1,3,6,3
210,1,2,3,3,2,2,2
211,1,2,3,4,4,4,5
212,1,1,1,3,5,4,7
213,1,1,1,2,2,3,3
214,1,2,1,1,5,6,6
215,1,1,2,2,1,1,6
216,1,1,2,3,1,1,4
217,1,1,2,2,3,5,2
218,1,1,2,2,5,6,6
219,1,2,2,3,2,6,4
220,1,1,3,3,5,2,4
221,1,1,1,1,1,4,3
222,1,1,1,1,3,6,3
223,1,2,1,4,1,3,1
224,1,1,2,2,3,2,7
225,1,1,3,1,1,4,2
226,1,1,1,3,2,3,5
227,1,2,3,1,5,6,6
228,1,1,1,2,1,6,3
229,1,2,3,4,3,4,4
230,1,1,1,1,4,6,1
231,1,1,2,3,3,5,7
232,1,2,3,4,5,3,1
233,1,1,3,3,1,1,7
234,1,2,3,1,5,4,4
235,1,2,2,3,1,4,5
236,1,2,2,1,4,5,6
237,1,2,3,4,5,5,4
238,1,1,3,3,5,5,3
239,1,2,1,1,2,2,1
240,1,2,2,1,5,3,3
241,1,1,3,4,5,1,2
242,1,2,3,3,4,4,6
243,1,1,3,3,1,5,1
244,1,2,2,3,3,3,5
245,1,1,2,1,4,1,6
246,1,1,2,2,4,5,1
247,1,2,2,2,2,4,5
248,1,2,2,1,5,6,3
249,1,2,3,1,2,6,2
250,1,1,2,3,4,4,3
251,1,2,3,1,3,3,3
252,1,1,2,2,2,5,6
253,1,2,2,4,5,1,6
254,1,2,3,1,4,6,5
255,1,2,3,4,2,2,3
256,1,1,2,4,3,3,1
257,1,2,2,4,2,2,4
258,1,2,1,3,2,4,4
259,1,1,1,4,4,6,7
260,1,2,1,1,5,6,3
261,1,2,2,3,1,1,6
262,1,2,3,2,1,3,6
263,1,1,2,2,5,6,5
264,1,2,2,1,5,5,2
265,1,1,1,2,5,4,7
266,1,1,1,1,2,4,4
267,1,2,3,4,5,4,6
268,1,2,1,1,5,6,7
269,1,2,3,3,2,3,4
270,1,1,3,4,2,1,2
271,1,2,1,3,3,2,1
272,1,1,3,3,4,1,6
273,1,2,2,1,1,1,3
274,1,1,2,1,5,5,5
275,1,1,3,2,5,1,2
276,1,2,3,2,2,4,3
277,1,1,1,3,3,3,4
278,1,1,2,4,2,1,2
279,1,2,3,1,1,2,2
280,1,1,1,2,5,5,7
281,1,2,3,1,3,2,1
282,1,2,1,4,1,1,3
283,1,2,2,2,3,2,7
284,1,1,3,1,2,5,4
285,1,2,3,1,2,4,2
286,1,2,1,4,1,1,2
287,1,2,3,3,2,1,2
288,1,2,1,3,2,1,1
289,1,2,2,3,2,1,1
290,1,1,2,1,2,2,6
291,1,2,2,2,3,1,2
292,1,2,1,4,1,4,3
293,1,2,1,1,3,3,1
294,1,1,3,4,4,5,3
295,1,1,3,3,2,6,3
296,1,2,2,2,5,2,1
297,1,1,1,2,4,6,5
298,1,1,1,3,5,3,2
299,1,2,1,4,4,2,3
300,1,2,2,4,4,2,2
301,1,2,1,4,4,3,4
302,1,2,3,2,2,4,7
303,1,2,2,3,1,5,7
304,1,1,3,3,3,3,1
305,1,1,1,3,5,4,2
306,1,2,3,3,5,2,2
307,1,2,2,1,2,2,5
308,1,1,1,1,3,2,3
309,1,2,3,2,2,5,6
310,1,1,1,4,2,1,1
311,1,2,1,2,2,5,4
312,1,2,1,1,2,6,4
313,1,2,2,3,5,2,7
314,1,2,1,3,4,6,2
315,1,1,1,1,3,4,5
316,1,2,3,1,3,5,3
317,1,2,3,4,4,4,1
318,1,2,3,1,4,1,1
319,1,1,3,4,1,2,2
320,1,2,1,2,3,3,2
321,1,1,2,3,1,1,3
322,1,1,3,2,3,6,5
323,1,2,2,4,3,4,4
324,1,1,1,4,3,3,1
325,1,2,2,3,5,1,4
326,1,1,1,3,4,5,1
327,1,1,1,3,3,6,4
328,1,1,1,2,4,4,3
329,1,1,1,3,5,6,3
330,1,2,1,3,3,1,6
331,1,2,3,2,1,2,7
332,1,1,3,2,2,2,2
333,1,2,1,2,1,3,3
334,1,1,2,3,5,1,4
335,1,2,2,3,1,2,4
336,1,2,2,4,4,1,3
337,1,1,1,1,1,6,1
338,1,2,2,3,5,1,5
339,1,1,2,1,2,5,6
340,1,1,1,3,5,2,5
341,1,2,3,1,1,6,3
342,1,1,1,4,3,2,4
343,1,2,2,2,5,1,7
344,1,2,1,1,1,1,7
345,1,1,2,3,2,4,6
346,1,1,1,3,4,1,5
347,1,2,3,3,5,6,5
348,1,1,3,1,5,4,5
349,1,2,3,3,4,5,3
350,1,1,2,3,4,5,7
351,1,2,1,3,3,3,1
352,1,1,1,2,5,6,1
353,1,2,1,1,1,1,6
354,1,2,2,2,5,1,1
355,1,1,3,4,4,6,1
356,1,1,3,1,2,6,2
357,1,2,3,2,2,4,6
358,1,2,1,2,1,2,1
359,1,2,1,4,2,3,2
360,1,2,2,4,1,4,4
361,1,1,2,2,3,3,6
362,1,2,2,4,2,3,6
363,1,1,2,2,5,2,2
364,1,1,3,4,5,3,5
365,1,1,3,4,4,6,2
366,1,2,1,4,3,6,3
367,1,2,1,4,4,5,4
368,1,1,2,1,4,5,3
369,1,1,1,4,5,5,4
370,1,1,2,4,1,1,2
371,1,1,3,4,4,2,7
372,1,1,2,2,3,3,5
373,1,1,2,1,3,6,3
374,1,2,3,4,1,3,5
375,1,1,1,4,5,2,5
376,1,1,2,1,5,1,5
377,1,1,1,2,5,5,7
378,1,2,2,2,4,2,5
379,1,1,1,2,1,6,6
380,1,2,2,3,4,3,2
381,1,2,1,2,5,1,3
382,1,1,1,1,5,5,2
383,1,1,3,4,5,3,7
384,1,1,1,1,2,5,5
385,1,1,2,2,1,5,1
386,1,2,3,1,5,1,2
387,1,1,1,2,3,3,3
388,1,1,1,4,3,2,6
389,1,2,3,3,3,3,4
390,1,2,1,1,2,1,6
391,1,2,1,4,2,6,3
392,1,2,3,1,3,2,4
393,1,2,3,4,3,1,3
394,1,1,1,1,3,3,7
395,1,1,3,2,2,5,6
396,1,1,3,3,3,6,6
397,1,2,1,2,5,4,2
398,1,1,2,1,4,4,4
399,1,1,2,2,1,1,2
400,1,1,1,1,1,2,1
401,1,2,2,2,4,2,1
402,1,1,3,2,5,3,7
403,1,2,3,2,1,3,7
404,1,1,2,4,2,3,1
405,1,2,3,4,3,5,5
406,1,1,3,4,1,6,4
407,1,2,2,4,5,4,1
408,1,2,2,2,2,4,4
409,1,2,1,3,3,1,1
410,1,1,3,3,1,6,5
411,1,2,1,1,2,1,2
412,1,2,3,4,1,3,1
413,1,2,1,4,4,6,7
414,1,1,3,1,4,4,5
415,1,1,2,1,5,2,5
416,1,1,3,2,5,4,5
417,1,1,3,2,3,3,7
418,1,1,3,3,3,6,7
419,1,2,2,3,5,2,1
420,1,2,3,4,5,5,5
421,1,2,3,3,4,2,2
422,1,2,1,3,2,1,7
423,1,1,3,3,4,1,5
424,1,2,3,1,1,5,1
425,1,1,3,3,5,5,1
426,1,2,2,1,2,3,4
427,1,1,3,3,1,3,1
428,1,2,1,4,5,6,5
429,1,1,1,1,4,2,7
430,1,1,2,3,3,4,6
431,1,2,3,3,1,2,3
432,1,2,1,3,3,4,1
433,1,1,3,3,1,5,4
434,1,2,3,3,3,4,5
435,1,1,3,3,5,1,6
436,1,2,1,3,5,6,5
437,1,2,3,2,4,1,5
438,1,1,1,1,1,6,4
439,1,2,3,2,1,2,6
440,1,1,2,3,1,3,3
441,1,1,1,1,5,4,4
442,1,2,1,4,1,4,5
443,1,2,3,2,4,6,3
444,1,2,2,2,4,6,7
445,1,1,2,3,5,5,2
446,1,2,3,2,3,5,7
447,1,1,3,4,4,4,1
448,1,1,1,3,3,4,5
449,1,2,3,1,4,3,4
450,1,2,1,2,1,4,5
451,1,1,1,2,1,5,6
452,1,2,1,4,5,3,2
453,1,1,1,4,3,4,1
454,1,1,3,1,4,2,5
455,1,2,1,3,1,1,1
456,1,2,3,3,1,1,2
457,1,1,3,4,2,4,7
458,1,1,2,4,1,5,1
459,1,2,3,3,5,3,3
460,1,2,2,4,3,3,7
461,1,1,3,4,1,1,4
462,1,2,3,1,5,4,6
463,1,1,3,1,1,1,4
464,1,1,1,3,2,3,2
465,1,1,3,4,5,6,4
466,1,1,3,1,3,6,6
467,1,2,2,3,3,3,5
468,1,2,2,1,1,1,3
469,1,2,3,1,1,2,6
470,1,1,2,1,3,1,5
471,1,2,1,2,4,2,3
472,1,1,2,4,2,2,1
473,1,2,3,4,1,3,3
474,1,1,2,3,4,6,7
475,1,2,1,4,5,4,1
476,1,1,1,1,4,4,1
477,1,1,3,3,3,1,1
478,1,1,3,1,3,1,3
479,1,2,3,1,4,5,1
480,1,1,3,4,3,6,4
481,1,1,3,3,4,6,6
482,1,2,1,2,3,3,5
483,1,1,2,2,2,1,5
484,1,1,3,4,4,4,1
485,1,2,2,4,2,3,5
486,1,2,1,3,1,2,4
487,1,1,3,1,2,6,1
488,1,2,2,4,3,5,3
489,1,1,1,1,4,2,2
490,1,2,3,1,3,2,1
491,1,2,2,3,2,1,7
492,1,1,1,2,1,1,2
493,1,1,2,3,1,5,3
494,1,1,2,2,2,2,4
495,1,1,3,1,2,4,1
496,1,2,1,2,2,4,5
497,1,2,1,2,1,2,4
498,1,1,2,1,5,4,1
499,1,2,2,2,4,6,5
500,1,2,3,2,3,6,2
501,1,1,1,4,1,1,3
502,1,1,2,1,5,3,3
503,1,2,2,1,4,2,6
504,1,2,1,4,4,4,1
505,1,2,3,3,2,2,3
506,1,2,1,4,4,1,6
507,1,2,2,3,1,5,7
508,1,1,3,2,1,3,4
509,1,1,2,2,5,2,1
510,1,1,3,3,2,1,6
511,1,1,2,4,4,6,2
512,1,2,1,2,3,1,1
513,1,1,1,4,2,5,5
514,1,1,3,2,1,2,4
515,1,2,3,3,4,1,5
516,1,1,2,1,5,4,3
517,1,1,1,1,2,6,4
518,1,1,2,3,1,1,5
519,1,2,2,3,2,3,5
520,1,2,1,3,4,2,5
521,1,1,2,4,2,1,6
522,1,1,1,2,4,3,1
523,1,1,3,4,3,6,5
524,1,1,1,1,5,4,5
525,1,2,3,4,1,3,1
526,1,2,3,3,4,3,5
527,1,1,3,4,4,4,3
528,1,1,1,2,4,4,7
529,1,2,1,4,1,6,6
530,1,2,2,4,2,4,5
531,1,2,1,2,1,4,5
532,1,2,3,2,1,2,6
533,1,1,2,3,1,2,6
534,1,1,1,4,3,3,4
535,1,1,1,1,5,3,6
536,1,1,2,3,3,3,6
537,1,1,3,2,2,2,6
538,1,2,2,3,4,2,4
539,1,1,3,1,3,2,7
540,1,1,3,4,3,2,2
541,1,1,2,2,3,1,1
542,1,1,2,1,4,5,6
543,1,2,2,1,3,4,6
544,1,2,3,4,5,2,4
545,1,2,2,3,5,5,4
546,1,1,3,4,5,3,6
547,1,2,3,1,5,5,5
548,1,2,3,3,2,5,4
549,1,2,1,1,4,4,4
550,1,2,2,3,4,1,4
551,1,1,2,1,5,6,1
552,1,1,3,2,4,1,1
553,1,1,1,3,3,4,2
554,1,1,1,1,3,1,6
555,1,2,1,3,5,3,3
556,1,1,2,3,5,5,7
557,1,1,2,1,5,1,2
558,1,1,2,4,2,4,2
559,1,2,2,3,4,3,4
560,1,2,2,4,5,6,2
561,1,1,3,3,3,5,7
562,1,2,3,2,4,2,4
563,1,1,2,1,3,3,6
564,1,1,3,3,4,3,6
565,1,2,1,2,5,4,4
566,1,2,2,4,4,5,2
567,1,2,3,1,2,1,5
568,1,2,1,4,5,4,5
569,1,2,2,2,3,4,2
570,1,2,2,1,3,1,2
571,1,2,3,4,3,2,5
572,1,1,1,3,3,4,4
573,1,1,3,4,2,4,1
574,1,2,3,3,3,6,2
575,1,1,3,1,1,1,7
576,1,1,1,4,2,4,7
577,1,1,3,1,1,4,1
578,1,2,3,1,1,1,3
579,1,2,3,3,4,3,7
580,1,1,1,3,2,1,5
581,1,2,1,3,3,2,4
582,1,1,3,2,1,2,6
583,1,2,1,1,4,2,2
584,1,1,2,4,1,4,3
585,1,1,3,4,3,2,6
586,1,2,3,2,5,3,5
587,1,1,2,1,2,4,7
588,1,1,1,1,3,6,3
589,1,1,1,4,3,6,7
590,1,1,1,3,4,6,1
591,1,1,1,4,5,1,6
592,1,1,1,3,4,6,6
593,1,2,3,1,3,5,1
594,1,1,2,4,4,1,1
595,1,2,1,2,5,2,5
596,1,2,2,1,3,4,4
597,1,1,1,1,3,3,5
598,1,2,1,4,1,2,7
599,1,2,3,2,2,5,1
600,1,2,3,4,3,6,7
601,1,1,1,3,4,6,7
602,1,1,2,4,5,4,7
603,1,2,1,4,2,6,1
604,1,1,3,1,2,2,2
605,1,1,1,2,2,1,6
606,1,1,2,3,3,3,3
607,1,2,3,2,4,4,6
608,1,1,2,4,2,2,4
609,1,2,1,2,4,4,5
610,1,2,1,4,2,6,7
611,1,2,2,2,4,3,2
612,1,2,3,1,1,6,1
613,1,1,1,2,3,5,3
614,1,1,2,2,4,6,5
615,1,1,1,2,4,2,3
616,1,1,1,3,4,3,7
617,1,2,2,4,5,3,5
618,1,1,2,3,3,3,6
619,1,2,1,4,4,4,2
620,1,2,1,4,5,4,4
621,1,2,1,4,1,6,4
622,1,1,3,2,2,2,3
623,1,2,3,4,4,3,2
624,1,1,2,3,2,5,2
625,1,2,3,2,3,2,7
626,1,1,1,4,5,4,7
627,1,2,3,1,3,1,1
628,1,1,3,1,2,2,5
629,1,2,2,2,2,2,2
630,1,2,1,1,3,3,3
631,1,1,1,4,1,1,7
632,1,1,3,1,1,5,6
633,1,2,1,1,5,4,6
634,1,2,1,2,5,1,7
635,1,1,3,2,5,1,2
636,1,1,1,2,1,6,4
637,1,1,1,4,4,3,5
638,1,2,1,1,4,1,6
639,1,2,1,4,3,1,2
640,1,2,2,3,1,6,3
641,1,1,1,3,2,1,4
642,1,1,3,1,1,2,1
643,1,1,3,1,4,6,4
644,1,1,2,3,3,6,1
645,1,1,2,3,2,6,4
646,1,1,1,4,3,3,3
647,1,2,2,1,2,4,7
648,1,2,2,1,3,6,2
649,1,2,1,4,5,1,5
650,1,2,2,3,4,6,3
651,1,1,2,4,4,3,6
652,1,1,1,2,2,1,5
653,1,1,3,1,2,1,5
654,1,1,2,4,1,3,3
655,1,2,3,4,2,4,7
656,1,1,2,4,2,4,7
657,1,2,3,4,4,4,4
658,1,1,1,2,1,2,3
659,1,1,1,3,3,3,4
660,1,2,2,1,3,5,2
661,1,2,3,4,1,4,5
662,1,2,3,1,3,2,6
663,1,1,1,2,3,2,7
664,1,2,2,4,3,5,1
665,1,1,3,2,5,4,3
666,1,2,3,4,2,1,2
667,1,2,2,1,5,2,2
668,1,1,1,3,2,5,3
669,1,2,2,3,4,6,4
670,1,2,1,1,3,6,4
671,1,2,3,3,3,5,7
672,1,2,2,3,5,4,1
673,1,1,1,2,5,2,5
674,1,2,2,2,4,6,3
675,1,1,3,1,3,3,5
676,1,1,2,2,4,3,1
677,1,1,2,3,4,5,1
678,1,1,2,3,1,3,7
679,1,2,2,4,4,1,4
680,1,2,1,3,1,6,1
681,1,1,1,1,2,2,3
682,1,1,3,1,3,2,5
683,1,1,1,3,3,1,2
684,1,2,2,1,3,6,6
685,1,2,1,3,5,4,5
686,1,1,2,2,2,2,2
687,1,2,2,1,2,1,3
688,1,1,3,2,4,2,3
689,1,1,2,2,1,1,5
690,1,1,2,3,1,4,2
691,1,1,2,4,4,1,3
692,1,2,2,4,4,4,6
693,1,2,2,3,1,4,6
694,1,1,2,1,5,6,5
695,1,2,3,4,3,6,3
696,1,1,1,2,3,4,7
697,1,1,2,3,5,5,5
698,1,1,2,1,4,5,6
699,1,1,2,4,3,4,2
700,1,2,1,1,5,5,1
701,1,1,3,1,2,1,7
702,1,1,2,2,4,2,3
703,1,2,3,1,3,6,2
704,1,2,2,3,2,6,4
705,1,2,2,2,2,4,2
706,1,2,1,4,3,3,2
707,1,2,3,3,5,6,7
708,1,1,2,2,3,2,1
709,1,2,2,3,5,4,6
710,1,1,1,3,2,2,1
711,1,1,1,1,4,2,5
712,1,1,3,2,3,6,3
713,1,1,2,3,1,1,3
714,1,1,3,3,4,4,6
715,1,2,3,3,2,6,4
716,1,2,1,3,3,2,5
717,1,2,1,3,2,1,2
718,1,2,1,3,2,2,2
719,1,2,2,3,4,1,2
720,1,1,2,2,4,4,1
721,1,1,2,2,4,6,3
722,1,2,1,1,3,2,7
723,1,1,1,4,1,6,7
724,1,1,1,4,5,6,1
725,1,1,2,3,1,5,3
726,1,2,3,4,1,1,7
727,1,1,2,2,1,6,6
728,1,2,3,1,1,1,4
729,1,1,1,2,2,2,7
730,1,1,3,3,3,5,5
731,1,2,3,2,5,5,2
732,1,2,2,4,5,4,5
733,1,1,2,2,5,2,6
734,1,1,1,1,4,4,3
735,1,2,3,1,2,3,3
736,1,1,1,1,5,4,6
737,1,2,3,4,1,4,5
738,1,1,3,3,3,4,7
739,1,1,2,3,2,2,3
740,1,1,3,3,1,1,7
741,1,2,1,3,2,3,2
742,1,1,2,4,4,5,4
743,1,2,2,3,2,5,7
744,1,2,2,3,3,4,4
745,1,1,3,3,2,1,3
746,1,2,2,3,1,1,2
747,1,1,1,4,1,6,3
748,1,2,2,3,1,4,7
749,1,1,3,3,3,1,2
750,1,2,2,1,1,2,1
751,1,2,2,4,1,3,2
752,1,1,1,2,3,6,2
753,1,2,1,3,4,6,5
754,1,2,1,1,1,6,4
755,1,2,1,4,1,4,6
756,1,2,1,1,1,3,2
757,1,2,3,3,5,3,1
758,1,1,2,3,4,6,7
759,1,2,2,3,4,2,2
760,1,1,1,1,3,6,4
761,1,1,1,3,3,5,4
762,1,1,1,1,1,1,4
763,1,1,2,2,4,3,3
764,1,1,2,4,5,4,3
765,1,1,1,2,1,6,1
766,1,1,3,1,5,3,2
767,1,1,3,1,3,3,7
768,1,1,1,4,1,3,2
769,1,1,1,1,5,2,3
770,1,2,1,1,4,2,7
771,1,2,1,3,3,3,6
772,1,2,2,1,3,1,6
773,1,2,3,1,1,5,1
774,1,2,1,2,5,4,2
775,1,1,2,3,5,2,5
776,1,1,1,4,1,5,7
777,1,1,2,1,5,1,5
778,1,1,1,1,3,1,2
779,1,1,2,4,5,2,1
780,1,1,3,3,5,6,7
781,1,1,3,2,5,1,3
782,1,1,1,3,4,1,4
783,1,2,1,3,3,4,7
784,1,1,1,1,2,3,2
785,1,1,3,4,2,5,7
786,1,2,3,2,1,4,3
787,1,1,1,4,5,5,1
788,1,2,1,4,5,5,3
789,1,1,3,4,1,3,2
790,1,2,3,4,5,4,4
791,1,1,2,2,5,3,1
792,1,2,3,2,3,4,7
793,1,1,1,3,4,3,5
794,1,2,1,2,2,6,5
795,1,2,1,3,1,4,5
796,1,1,2,2,3,4,1
797,1,2,3,1,5,4,2
798,1,1,1,2,1,2,6
799,1,2,1,2,2,1,1
800,1,2,2,2,4,6,3
801,1,1,1,2,3,3,3
802,1,2,3,3,3,2,6
803,1,1,3,1,2,4,2
804,1,2,1,1,1,4,4
805,1,2,1,1,4,1,5
806,1,2,1,3,2,6,7
807,1,2,3,4,2,1,3
808,1,1,2,4,3,1,6
809,1,1,1,1,2,3,1
810,1,2,1,2,3,5,4
811,1,1,2,2,3,2,3
812,1,1,1,2,4,4,1
813,1,2,3,1,5,4,1
814,1,1,3,4,1,2,4
815,1,2,3,2,1,6,5
816,1,2,3,1,4,1,2
817,1,1,2,1,3,5,1
818,1,1,1,1,2,6,2
819,1,2,2,1,4,5,6
820,1,1,3,1,3,3,2
821,1,1,3,1,3,5,5
822,1,1,3,3,1,3,6
823,1,2,3,2,1,4,3
824,1,2,1,3,2,2,1
825,1,2,3,3,5,5,3
826,1,2,2,3,1,6,4
827,1,2,3,2,2,4,4
828,1,1,1,3,2,6,7
829,1,1,2,1,5,3,2
830,1,1,1,3,4,6,7
831,1,1,2,3,1,5,7
832,1,1,2,2,4,4,7
833,1,2,2,1,5,6,1
834,1,2,3,3,4,2,5
835,1,2,1,4,4,3,4
836,1,2,1,4,5,3,7
837,1,2,3,2,4,6,7
838,1,1,2,2,3,3,7
839,1,1,2,4,2,5,6
840,1,2,3,4,3,6,1
841,1,2,3,3,5,6,4
842,1,1,2,4,1,1,5
843,1,2,2,3,3,2,4
844,1,2,3,2,2,3,2
845,1,2,3,3,4,3,6
846,1,1,2,1,4,5,3
847,1,2,3,1,3,3,5
848,1,1,2,1,1,1,2
849,1,2,1,4,3,1,7
850,1,2,2,3,1,2,1
851,1,2,3,4,4,1,7
852,1,2,3,3,2,6,5
853,1,1,2,4,4,1,5
854,1,1,3,4,5,5,3
855,1,1,1,4,1,4,3
856,1,2,2,4,3,3,3
857,1,2,3,2,3,5,4
858,1,1,1,1,3,1,6
859,1,1,1,2,2,6,4
860,1,2,1,3,5,2,1
861,1,2,1,2,4,1,4
862,1,2,2,4,3,5,6
863,1,1,1,4,4,3,6
864,1,2,3,2,5,5,1
865,1,2,2,3,4,3,6
866,1,1,3,3,5,1,6
867,1,2,2,4,2,2,4
868,1,1,3,4,3,3,6
869,1,2,2,4,3,6,3
870,1,1,1,4,2,4,7
871,1,2,2,4,3,1,4
872,1,1,1,3,3,4,6
873,1,1,1,4,3,5,4
874,1,2,3,3,5,2,1
875,1,2,3,3,1,1,4
876,1,1,2,4,4,4,2
877,1,2,1,3,5,1,6
878,1,2,3,2,2,4,3
879,1,1,3,2,2,4,4
880,1,2,1,2,2,3,3
881,1,2,1,3,4,1,3
882,1,1,1,1,3,1,1
883,1,2,2,2,4,4,2
884,1,1,3,2,4,1,2
885,1,1,1,2,4,5,7
886,1,1,3,1,2,5,1
887,1,2,2,2,1,6,1
888,1,1,3,3,3,5,1
889,1,2,1,2,4,3,6
890,1,1,2,4,5,6,7
891,1,1,3,4,5,4,4
892,1,2,2,4,5,5,4
893,1,1,1,1,3,5,2
894,1,2,2,1,1,2,6
895,1,2,2,1,1,6,1
896,1,2,3,3,3,4,4
897,1,2,2,1,2,1,3
898,1,1,3,3,3,2,3
899,1,2,3,3,3,4,3
900,1,1,3,3,3,6,1
901,1,2,1,3,5,3,2
902,1,2,3,1,2,1,7
903,1,1,2,1,2,3,3
904,1,1,3,1,4,3,4
905,1,1,1,4,5,6,1
906,1,1,3,3,4,3,5
907,1,2,3,1,4,2,3
908,1,2,1,1,5,1,7
909,1,2,2,3,2,4,2
910,1,1,2,3,4,5,2
911,1,1,2,4,1,2,2
912,1,1,2,4,1,4,3
913,1,2,2,4,2,5,6
914,1,2,3,3,2,3,1
915,1,1,3,4,2,5,3
916,1,1,1,4,3,1,1
917,1,1,1,1,3,4,7
918,1,1,2,3,1,6,3
919,1,1,1,3,1,2,7
920,1,1,3,2,3,4,4
921,1,2,1,4,3,3,2
922,1,1,3,3,2,5,2
923,1,2,3,1,4,5,4
924,1,1,2,1,4,4,4
925,1,1,2,4,1,6,3
926,1,2,1,3,4,1,7
927,1,1,1,1,3,6,7
928,1,2,1,1,5,6,1
929,1,1,3,2,1,2,3
930,1,1,1,2,1,5,2
931,1,1,3,1,1,1,4
932,1,1,2,1,2,3,6
933,1,2,2,3,1,6,5
934,1,2,2,4,4,1,5
935,1,1,1,4,2,2,4
936,1,1,3,1,1,1,3
937,1,1,2,4,3,5,2
938,1,1,2,4,4,2,4
939,1,2,3,3,3,2,7
940,1,2,3,2,4,1,6
941,1,1,1,1,5,1,5
942,1,2,2,2,2,5,6
943,1,1,2,4,3,2,4
944,1,2,3,4,5,3,1
945,1,1,2,2,1,1,1
946,1,2,2,3,3,3,7
947,1,1,1,1,2,4,3
948,1,1,2,4,4,2,1
949,1,1,2,2,2,1,5
950,1,1,3,3,2,6,3
951,1,1,2,4,5,6,6
952,1,1,1,3,3,6,1
953,1,1,1,2,1,4,7
954,1,2,1,1,1,2,7
955,1,1,2,4,2,1,4
956,1,2,3,3,2,5,5
957,1,1,3,4,1,3,1
958,1,1,2,4,1,6,6
959,1,2,1,3,4,1,4
960,1,2,3,2,5,5,2
961,1,2,1,2,1,1,2
962,1,2,2,2,2,1,2
963,1,1,3,1,4,5,5
964,1,2,1,3,5,4,3
965,1,2,3,2,4,2,4
966,1,1,1,1,3,3,5
967,1,2,1,3,4,4,3
968,1,2,3,4,3,6,5
969,1,2,2,3,1,3,1
970,1,1,1,4,5,2,4
971,1,2,3,4,4,3,3
972,1,1,2,2,3,5,1
973,1,2,3,1,1,4,7
974,1,1,3,1,1,1,4
975,1,1,1,3,5,2,3
976,1,2,3,4,2,1,6
977,1,2,2,3,1,1,1
978,1,2,1,2,4,6,1
979,1,1,2,4,1,6,2
980,1,2,2,3,5,3,3
981,1,1,1,1,2,1,1
982,1,1,1,1,4,1,4
983,1,2,2,1,3,5,3
984,1,1,2,1,1,1,2
985,1,1,1,4,1,1,6
986,1,1,1,4,4,5,7
987,1,2,3,2,5,4,3
988,1,2,3,1,1,1,6
989,1,2,1,3,1,5,7
990,1,2,1,3,4,5,5
991,1,2,3,1,5,1,6
992,1,2,1,3,1,4,7
993,1,2,3,1,3,1,1
994,1,2,2,3,4,1,5
995,1,1,2,2,1,5,2
996,1,1,2,4,4,2,7
997,1,1,1,3,3,1,3
998,1,2,2,4,5,3,2
999,1,1,3,4,5,4,3
1000,1,2,2,2,4,4,7
1001,1,2,3,4,2,3,6
1002,1,2,3,4,4,3,4
1003,1,2,1,3,3,6,7
1004,1,2,3,1,1,4,4
1005,1,2,3,3,4,2,2
1006,1,2,2,1,3,4,1
1007,1,1,1,3,3,6,6
1008,1,1,2,2,5,3,2
1009,1,1,2,4,4,4,4
1010,1,1,2,3,5,6,4
1011,1,1,2,2,3,4,6
1012,1,1,1,3,5,5,5
1013,1,2,2,2,3,4,4
1014,1,1,2,1,5,4,6
1015,1,2,2,3,5,1,1
1016,1,2,2,2,2,2,4
1017,1,2,3,4,3,5,7
1018,1,1,1,2,3,6,7
1019,1,1,2,2,3,5,7
1020,1,2,1,2,4,2,2
1021,1,2,2,2,5,1,2
1022,1,1,2,1,3,3,5
1023,1,2,1,3,4,2,7
1024,1,1,3,3,5,3,7
1025,1,1,3,3,3,5,1
1026,1,1,2,3,4,5,2
1027,1,1,2,3,4,1,3
1028,1,2,2,4,3,3,4
1029,1,2,2,1,2,6,2
1030,1,2,3,3,3,4,3
1031,1,2,2,4,4,3,5
1032,1,2,3,2,5,3,7
1033,1,2,3,2,4,5,5
1034,1,2,2,1,2,4,1
1035,1,2,2,4,3,2,4
1036,1,1,1,1,2,6,7
1037,1,2,3,2,1,3,4
1038,1,1,2,4,3,4,2
1039,1,1,1,3,1,1,1
1040,1,1,2,2,1,6,6
1041,1,1,2,1,2,1,5
1042,1,1,1,4,2,4,5
1043,1,2,3,1,5,2,1
1044,1,2,1,1,3,4,3
1045,1,2,1,3,3,5,3
1046,1,1,3,1,4,1,3
1047,1,1,2,2,2,6,1
1048,1,2,1,1,5,3,5
1049,1,2,1,2,5,5,2
1050,1,2,3,4,2,1,6
1051,1,2,1,4,1,3,3
1052,1,2,3,4,2,3,2
1053,1,1,3,2,4,2,6
1054,1,1,1,3,4,1,1
1055,1,1,2,2,5,5,5
1056,1,1,1,4,2,6,3
1057,1,2,2,1,2,5,5
1058,1,1,3,2,3,3,6
1059,1,2,2,4,5,1,5
1060,1,1,2,3,3,4,7
1061,1,2,2,2,2,4,7
1062,1,1,3,4,5,6,1
1063,1,1,3,4,1,1,7
1064,1,1,1,4,1,6,7
1065,1,1,1,4,3,3,5
1066,1,2,2,2,2,4,2
1067,1,1,2,3,2,5,2
1068,1,1,3,1,5,2,4
1069,1,2,1,3,3,1,6
1070,1,2,1,2,4,2,3
1071,1,2,1,2,4,1,7
1072,1,1,2,1,1,3,3
1073,1,1,2,2,5,4,2
1074,1,1,1,2,4,2,3
1075,1,2,3,3,4,1,4
1076,1,2,2,4,2,4,2
1077,1,2,3,1,5,6,2
1078,1,2,3,1,3,1,3
1079,1,1,3,4,2,3,3
1080,1,1,3,2,3,4,6
1081,1,2,2,2,4,6,7
1082,1,1,3,4,4,1,4
1083,1,2,3,4,1,3,2
1084,1,2,2,1,3,6,5
1085,1,2,1,3,4,3,2
1086,1,2,3,2,5,4,5
1087,1,2,1,1,4,2,5
1088,1,2,1,1,4,4,4
1089,1,2,2,2,5,5,3
1090,1,2,3,1,4,2,3
1091,1,2,3,2,5,6,5
1092,1,1,3,3,2,5,1
1093,1,1,2,3,1,2,2
1094,1,1,2,1,3,5,4
1095,1,1,1,3,3,6,6
1096,1,1,2,1,4,2,4
1097,1,1,2,2,1,1,1
1098,1,1,1,2,3,2,4
1099,1,2,3,4,1,3,3
1100,1,1,1,4,2,5,1
1101,1,1,3,3,5,6,3
1102,1,1,1,4,1,2,7
1103,1,2,1,2,1,2,3
1104,1,1,1,4,5,5,1
1105,1,2,3,3,2,1,5
1106,1,2,1,3,5,4,1
1107,1,1,2,2,5,3,2
1108,1,2,1,1,4,2,1
1109,1,2,1,3,1,4,4
1110,1,1,1,1,3,6,2
1111,1,2,3,1,3,1,3
1112,1,1,1,4,5,2,3
1113,1,1,2,4,1,4,2
1114,1,2,2,3,1,6,3
1115,1,1,2,2,2,5,3
1116,1,2,1,3,5,1,6
1117,1,1,3,1,3,3,5
1118,1,2,1,3,1,6,3
1119,1,2,1,2,1,6,6
1120,1,2,2,4,3,4,1
1121,1,1,2,1,3,3,7
1122,1,2,3,2,5,3,5
1123,1,1,3,3,4,1,2
1124,1,2,2,4,5,6,1
1125,1,1,1,4,3,6,6
1126,1,1,1,2,2,5,1
1127,1,1,1,2,1,3,3
1128,1,2,3,2,4,2,6
1129,1,2,1,2,5,1,1
1130,1,1,1,2,5,2,1
1131,1,2,3,1,1,1,3
1132,1,1,2,1,5,4,1
1133,1,1,3,3,3,6,7
1134,1,1,1,4,5,3,5
1135,1,2,1,4,1,3,3
1136,1,2,2,4,2,4,4
1137,1,1,2,1,2,4,5
1138,1,2,1,4,3,3,4
1139,1,2,2,2,1,6,3
1140,1,1,3,1,2,1,3
1141,1,2,3,3,5,3,6
1142,1,1,1,2,1,5,7
1143,1,2,3,2,2,6,4
1144,1,1,3,3,1,1,7
1145,1,2,3,1,5,6,3
1146,1,2,3,3,5,2,2
1147,1,2,3,1,3,3,7
1148,1,2,2,2,5,1,2
1149,1,2,3,1,2,3,2
1150,1,2,1,4,2,2,1
1151,1,1,2,4,5,1,5
1152,1,2,2,4,3,4,5
1153,1,1,1,3,2,5,2
1154,1,2,2,3,4,4,7
1155,1,1,2,3,3,2,6
1156,1,1,3,4,1,5,5
1157,1,2,1,1,1,6,6
1158,1,2,2,2,4,1,3
1159,1,1,3,3,1,2,5
1160,1,2,1,3,4,4,4
1161,1,2,1,1,4,6,4
1162,1,1,2,2,4,5,2
1163,1,1,2,3,3,6,7
1164,1,1,3,1,4,2,3
1165,1,2,2,3,5,5,1
1166,1,2,3,3,1,4,6
1167,1,2,1,1,5,4,1
1168,1,2,2,2,4,4,1
1169,1,1,1,3,3,6,6
1170,1,2,3,2,3,6,6
1171,1,1,1,1,1,4,1
1172,1,2,1,1,1,3,3
1173,1,2,3,1,3,3,4
1174,1,2,2,4,3,5,3
1175,1,2,3,3,4,6,2
1176,1,2,1,3,5,4,7
1177,1,1,3,3,1,3,3
1178,1,1,3,2,1,5,3
1179,1,1,2,4,4,1,7
1180,1,2,2,3,1,1,5
1181,1,2,3,3,2,5,5
1182,1,1,3,3,1,2,5
1183,1,1,2,3,5,2,6
1184,1,2,3,2,1,2,2
1185,1,2,2,1,5,6,6
1186,1,2,1,3,4,3,2
1187,1,1,1,1,2,5,4
1188,1,2,1,3,2,6,1
1189,1,1,1,2,3,4,6
1190,1,1,1,2,4,1,6
1191,1,1,1,2,3,5,6
1192,1,2,3,3,4,1,1
1193,1,1,2,4,5,1,1
1194,1,2,1,3,5,5,1
1195,1,2,1,1,2,5,2
1196,1,1,3,4,2,6,2
1197,1,2,3,1,1,1,4
1198,1,2,1,3,5,2,3
1199,1,1,3,3,1,6,1
1200,1,2,2,2,1,2,4
1201,1,1,2,3,3,3,3
1202,1,1,3,2,1,4,2
1203,1,2,2,2,4,1,6
1204,1,2,1,1,2,1,1
1205,1,2,2,2,2,1,3
1206,1,1,3,1,1,6,6
1207,1,1,1,1,2,6,4
1208,1,2,3,4,4,6,5
1209,1,1,1,3,1,6,5
1210,1,2,1,3,3,4,4
1211,1,2,1,2,4,1,3
1212,1,2,1,3,2,1,7
1213,1,1,1,2,1,4,3
1214,1,2,3,3,4,5,5
1215,1,1,3,4,4,3,4
1216,1,1,3,1,1,4,2
1217,1,1,1,2,4,5,7
1218,1,2,3,4,4,4,4
1219,1,1,2,1,1,1,3
1220,1,1,1,4,5,1,6
1221,1,2,3,1,5,6,7
1222,1,1,3,4,5,3,6
1223,1,1,3,3,1,3,1
1224,1,2,3,3,1,5,1
1225,1,1,2,3,1,6,4
1226,1,1,1,2,5,6,6
1227,1,1,2,2,3,3,4
1228,1,1,1,4,5,3,7
1229,1,2,3,1,2,1,6
1230,1,2,2,2,4,6,7
1231,1,2,1,3,5,6,1
1232,1,2,3,2,2,6,1
1233,1,1,2,1,3,6,2
1234,1,2,3,2,1,2,6
1235,1,1,2,1,3,3,1
1236,1,1,2,1,4,5,3
1237,1,1,2,1,1,2,6
1238,1,2,3,2,2,6,3
1239,1,1,3,4,3,2,5
1240,1,2,1,2,3,4,5
1241,1,1,1,1,3,1,4
1242,1,2,1,1,2,6,6
1243,1,2,2,1,4,2,1
1244,1,2,2,3,3,6,2
1245,1,2,2,3,5,3,3
1246,1,2,2,2,2,6,1
1247,1,2,1,3,1,6,1
1248,1,2,3,3,2,2,7
1249,1,1,1,3,3,5,2
1250,1,2,1,4,4,5,3
1251,1,1,3,1,3,3,1
1252,1,2,2,2,4,6,4
1253,1,2,2,4,3,6,2
1254,1,1,2,4,3,5,4
1255,1,2,2,3,1,4,6
1256,1,2,2,1,5,1,5
1257,1,2,1,3,5,1,6
1258,1,2,2,4,1,3,3
1259,1,1,3,1,5,1,2
1260,1,1,2,4,1,6,2
1261,1,1,1,1,5,5,5
1262,1,1,3,3,3,2,3
1263,1,2,1,1,1,6,4
1264,1,1,3,2,3,5,5
1265,1,2,3,3,3,3,7
1266,1,2,1,3,4,3,4
1267,1,2,3,1,1,3,6
1268,1,1,3,4,4,3,3
1269,1,1,1,4,5,4,5
1270,1,2,3,1,2,1,1
1271,1,2,1,2,5,2,2
1272,1,2,2,1,1,3,5
1273,1,2,2,3,2,4,6
1274,1,2,1,3,3,4,2
1275,1,1,3,1,5,3,6
1276,1,2,1,1,3,3,1
1277,1,1,2,3,2,4,1
1278,1,1,1,1,1,4,4
1279,1,2,1,1,1,3,1
1280,1,2,2,4,4,6,5
1281,1,1,3,2,4,4,6
1282,1,1,3,1,5,4,2
1283,1,2,1,3,4,3,2
1284,1,1,1,4,3,3,5
1285,1,2,2,4,2,6,6
1286,1,2,2,1,2,5,5
1287,1,1,3,3,2,6,2
1288,1,2,1,3,5,1,5
1289,1,2,1,3,4,3,4
1290,1,1,2,1,2,1,1
1291,1,2,3,3,1,5,6
1292,1,1,2,1,1,6,3
1293,1,2,3,3,4,1,5
1294,1,2,2,1,4,2,3
1295,1,1,3,4,4,5,1
1296,1,1,2,1,3,1,6
1297,1,1,1,2,1,4,1
1298,1,1,1,3,1,5,5
1299,1,2,1,4,3,6,2
1300,1,2,2,4,1,4,1
1301,1,1,1,3,1,6,5
1302,1,2,3,2,1,6,3
1303,1,1,3,4,1,6,6
1304,1,2,3,2,3,6,3
1305,1,1,2,1,1,2,2
1306,1,2,2,4,1,3,3
1307,1,1,1,2,1,4,5
1308,1,1,3,3,4,2,2
1309,1,1,2,3,5,5,6
1310,1,1,2,4,2,2,5
1311,1,2,1,4,5,4,6
1312,1,1,1,3,3,4,1
1313,1,2,2,3,5,4,1
1314,1,2,3,2,1,5,4
1315,1,1,1,2,2,1,6
1316,1,1,3,2,2,2,7
1317,1,1,3,2,5,1,7
1318,1,1,1,4,3,5,3
1319,1,1,1,4,3,5,1
1320,1,2,3,2,2,2,1
1321,1,1,2,3,4,1,6
1322,1,1,1,1,3,1,6
1323,1,1,2,4,2,2,3
1324,1,1,2,3,3,2,1
1325,1,1,2,4,5,6,1
1326,1,1,3,3,3,4,1
1327,1,1,2,3,5,4,5
1328,1,2,3,4,2,6,2
1329,1,2,1,2,4,6,2
1330,1,2,2,1,1,2,7
1331,1,2,3,3,1,4,5
1332,1,2,3,2,2,3,4
1333,1,1,3,2,3,6,3
1334,1,2,2,1,2,2,6
1335,1,2,1,4,1,4,5
1336,1,1,1,1,1,4,4
1337,1,1,1,2,1,1,1
1338,1,2,3,3,1,1,7
1339,1,2,3,4,1,5,1
1340,1,2,2,4,3,4,3
1341,1,2,2,3,3,2,6
1342,1,1,2,1,1,3,1
1343,1,2,3,1,5,6,2
1344,1,1,1,3,3,2,5
1345,1,2,2,1,5,3,5
1346,1,2,2,3,5,5,1
1347,1,1,1,2,2,5,6
1348,1,2,1,3,4,3,7
1349,1,1,1,2,1,6,6
1350,1,2,2,1,1,1,7
1351,1,2,2,3,4,1,6
1352,1,1,3,2,1,6,5
1353,1,2,2,4,2,5,3
1354,1,2,3,3,4,6,2
1355,1,1,3,4,5,6,4
1356,1,1,1,1,5,2,1
1357,1,2,3,4,4,3,5
1358,1,2,2,1,4,6,2
1359,1,1,2,4,4,5,6
1360,1,2,3,2,4,3,2
1361,1,2,2,1,3,6,2
1362,1,1,1,3,1,3,2
1363,1,2,1,4,4,3,1
1364,1,2,1,1,5,1,2
1365,1,2,3,1,5,2,6
1366,1,2,3,1,1,2,7
1367,1,2,3,3,1,3,4
1368,1,1,1,4,4,3,6
1369,1,2,2,4,2,3,5
1370,1,2,1,4,3,1,5
1371,1,1,3,1,2,6,3
1372,1,1,3,2,1,5,6
1373,1,2,2,4,3,1,2
1374,1,2,1,1,2,1,1
1375,1,2,2,1,2,3,5
1376,1,2,3,2,3,5,7
1377,1,2,2,4,3,6,2
1378,1,1,2,1,1,1,1
1379,1,1,1,1,5,1,3
1380,1,1,1,4,2,3,4
1381,1,2,2,2,5,5,6
1382,1,2,2,3,3,2,5
1383,1,2,1,2,4,3,6
1384,1,2,1,3,3,5,1
1385,1,2,3,2,3,6,3
1386,1,1,2,4,4,5,7
1387,1,2,3,1,2,6,6
1388,1,2,1,1,5,4,2
1389,1,1,1,3,3,4,7
1390,1,2,1,2,5,2,4
1391,1,2,1,3,4,5,7
1392,1,1,2,4,4,2,4
1393,1,1,2,2,3,3,3
1394,1,1,3,2,5,4,7
1395,1,1,2,3,4,4,7
1396,1,2,3,1,5,4,2
1397,1,2,3,3,1,2,7
1398,1,1,2,3,3,5,5
1399,1,1,2,3,3,2,1
1400,1,1,3,1,3,4,7
1401,1,2,1,2,2,5,6
1402,1,1,2,2,1,2,4
1403,1,1,1,3,3,4,3
1404,1,2,1,1,4,6,4
1405,1,1,1,1,1,6,4
1406,1,1,2,2,4,6,1
1407,1,2,1,4,2,4,6
1408,1,2,1,1,1,6,1
1409,1,2,1,1,3,5,2
1410,1,1,2,4,4,2,7
1411,1,1,3,1,2,6,3
1412,1,2,2,2,1,2,6
1413,1,2,2,3,4,6,1
1414,1,1,2,2,1,1,1
1415,1,1,2,3,1,2,1
1416,1,1,1,3,3,6,7
1417,1,1,3,1,3,4,6
1418,1,2,2,4,5,5,2
1419,1,1,2,3,1,4,5
1420,1,2,2,3,3,3,5
1421,1,1,2,2,4,3,6
1422,1,2,3,4,5,1,1
1423,1,1,1,1,4,4,3
1424,1,1,2,3,3,6,2
1425,1,2,1,2,5,2,1
1426,1,1,2,3,3,2,4
1427,1,2,1,2,5,6,5
1428,1,1,2,2,5,2,6
1429,1,2,3,1,1,4,6
1430,1,2,2,2,3,3,2
1431,1,1,1,3,1,5,4
1432,1,2,1,1,5,2,4
1433,1,1,2,1,1,2,2
1434,1,2,3,1,2,5,1
1435,1,1,3,3,1,6,3
1436,1,2,2,3,3,3,1
1437,1,2,2,2,2,3,4
1438,1,2,3,3,1,4,4
1439,1,1,1,1,1,3,5
1440,1,2,3,3,2,6,3
1441,1,2,1,3,1,4,5
1442,1,2,2,2,3,3,4
1443,1,1,1,3,3,6,1
1444,1,2,1,2,1,3,5
1445,1,1,3,1,5,5,4
1446,1,1,2,2,5,6,6
1447,1,2,2,3,2,4,3
1448,1,1,3,2,4,5,2
1449,1,2,3,2,3,4,7
1450,1,2,1,2,3,6,1
1451,1,1,3,3,2,5,6
1452,1,1,1,3,1,4,3
1453,1,2,3,3,2,4,5
1454,1,2,2,2,1,5,5
1455,1,1,3,2,5,3,7
1456,1,2,2,4,1,2,1
1457,1,2,1,3,3,2,2
1458,1,2,1,2,3,3,1
1459,1,1,2,2,2,4,4
1460,1,1,3,3,1,4,5
1461,1,2,3,3,4,6,6
1462,1,1,1,4,3,5,3
1463,1,1,2,2,2,4,5
1464,1,1,2,1,3,1,2
1465,1,2,2,2,3,3,6
1466,1,2,1,2,5,5,7
1467,1,2,1,4,2,2,3
1468,1,2,1,4,4,2,4
1469,1,1,2,4,4,5,4
1470,1,2,1,4,4,1,7
1471,1,2,1,3,3,3,4
1472,1,1,1,2,5,4,4
1473,1,2,2,2,5,5,6
1474,1,1,1,2,3,6,5
1475,1,2,2,4,3,4,5
1476,1,2,1,2,5,3,6
1477,1,1,3,1,3,5,3
1478,1,1,3,1,4,3,3
1479,1,2,3,1,3,4,1
1480,1,1,2,1,4,5,7
1481,1,1,3,4,5,3,3
1482,1,1,3,2,3,5,4
1483,1,1,3,1,4,1,1
1484,1,2,3,3,5,2,2
1485,1,1,3,1,3,3,4
1486,1,1,2,1,3,5,5
1487,1,1,2,3,1,5,3
1488,1,2,1,3,4,5,7
1489,1,2,1,2,1,5,2
1490,1,2,2,3,3,1,7
1491,1,1,3,3,5,6,1
1492,1,1,1,3,1,6,7
1493,1,1,2,3,5,5,7
1494,1,1,3,1,2,3,1
1495,1,1,3,2,1,2,2
1496,1,2,3,2,4,4,2
1497,1,2,3,1,3,6,5
1498,1,1,2,3,5,4,7
1499,1,1,1,3,3,6,7
1500,1,1,3,4,3,5,1
1501,1,2,2,4,3,4,4
1502,1,1,3,3,3,3,1
1503,1,2,2,2,5,6,1
1504,1,1,1,3,4,5,3
1505,1,1,1,4,4,5,2
1506,1,1,3,2,2,3,6
1507,1,1,1,1,1,1,3
1508,1,1,1,1,5,6,3
1509,1,1,1,1,5,3,3
1510,1,1,3,4,4,2,1
1511,1,1,2,1,3,1,4
1512,1,1,3,3,2,6,5
1513,1,2,1,2,5,6,5
1514,1,2,1,3,4,5,2
1515,1,2,3,2,3,3,7
1516,1,1,2,4,1,6,4
1517,1,1,2,2,1,2,2
1518,1,2,1,1,4,3,2
1519,1,2,3,3,5,5,6
1520,1,2,1,2,4,3,6
1521,1,1,1,3,3,4,5
1522,1,2,1,4,4,5,2
1523,1,1,3,4,1,4,3
1524,1,1,2,3,5,1,7
1525,1,1,1,1,4,3,7
1526,1,2,2,4,3,1,1
1527,1,1,3,2,3,6,6
1528,1,2,3,4,2,3,5
1529,1,2,2,3,3,2,3
1530,1,1,2,4,3,6,7
1531,1,2,1,4,2,2,2
1532,1,2,3,3,2,6,1
1533,1,1,2,3,1,1,2
1534,1,1,3,1,4,6,6
1535,1,1,1,4,2,6,4
1536,1,1,3,1,3,4,2
1537,1,2,2,4,1,3,4
1538,1,2,1,3,2,2,5
1539,1,1,2,2,5,1,1
1540,1,1,1,2,5,1,7
1541,1,2,3,2,2,6,5
1542,1,1,2,1,5,3,5
1543,1,1,3,1,4,5,4
1544,1,1,3,4,3,5,1
1545,1,1,3,3,5,2,4
1546,1,1,1,4,2,5,4
1547,1,1,1,3,1,3,5
1548,1,2,3,3,1,1,7
1549,1,1,1,4,1,5,6
1550,1,2,3,1,2,2,2
1551,1,1,3,3,3,4,1
1552,1,2,1,4,1,3,4
1553,1,2,3,4,2,2,7
1554,1,2,3,4,3,2,1
1555,1,1,3,1,4,4,5
1556,1,1,2,1,3,6,4
1557,1,2,3,3,3,1,3
1558,1,1,3,1,4,3,7
1559,1,2,1,1,5,3,4
1560,1,2,3,4,2,3,7
1561,1,2,1,4,5,1,3
1562,1,1,3,4,4,3,4
1563,1,1,3,2,3,5,1
1564,1,1,3,3,1,5,5
1565,1,2,3,3,2,1,3
1566,1,1,2,2,2,1,2
1567,1,1,2,2,4,2,7
1568,1,2,2,3,4,5,6
1569,1,1,1,2,1,4,7
1570,1,1,2,3,5,4,1
1571,1,2,1,2,1,2,5
1572,1,2,3,1,3,5,4
1573,1,1,3,4,3,4,1
1574,1,2,3,1,1,6,4
1575,1,2,2,3,3,1,6
1576,1,1,1,1,4,1,1
1577,1,1,1,1,2,4,1
1578,1,1,3,4,4,3,3
1579,1,1,2,3,5,4,6
1580,1,1,3,1,5,3,4
1581,1,2,3,4,4,4,1
1582,1,2,1,2,5,6,2
1583,1,2,2,1,2,2,1
1584,1,2,3,2,2,2,2
1585,1,1,1,2,2,3,2
1586,1,2,2,1,5,5,6
1587,1,1,2,3,1,3,4
1588,1,2,2,2,4,5,1
1589,1,1,1,1,3,2,1
1590,1,1,1,3,5,6,4
1591,1,1,3,2,2,6,7
1592,1,1,2,1,2,6,2
1593,1,2,3,3,3,3,5
1594,1,2,2,4,1,2,5
1595,1,2,1,3,5,4,7
1596,1,1,2,2,5,1,3
1597,1,2,1,3,2,2,1
1598,1,2,2,4,4,3,6
1599,1,2,1,1,2,4,7
1600,1,1,2,2,3,6,2
1601,1,1,2,2,4,1,5
1602,1,2,2,1,1,1,4
1603,1,1,1,3,4,2,7
1604,1,1,1,2,5,2,1
1605,1,1,2,1,3,1,6
1606,1,1,3,4,5,1,5
1607,1,2,3,1,2,4,1
1608,1,2,1,1,2,6,2
1609,1,1,2,4,3,4,5
1610,1,2,3,4,3,3,2
1611,1,2,1,1,2,6,2
1612,1,1,1,1,3,4,2
1613,1,2,2,1,2,5,1
1614,1,1,1,1,3,2,3
1615,1,1,1,1,2,5,2
1616,1,1,3,3,2,4,1
1617,1,2,1,1,2,6,5
1618,1,1,1,2,3,5,5
1619,1,1,1,3,2,6,3
1620,1,2,2,1,5,4,7
1621,1,1,2,1,3,4,5
1622,1,2,3,4,3,6,2
1623,1,2,2,2,4,2,6
1624,1,1,1,3,5,6,5
1625,1,1,1,2,4,1,5
1626,1,1,3,3,4,6,6
1627,1,2,1,4,5,3,7
1628,1,2,3,3,1,5,6
1629,1,2,3,4,5,4,6
1630,1,1,1,4,1,3,6
1631,1,1,3,1,2,6,6
1632,1,1,2,3,1,6,1
1633,1,2,1,3,1,5,7
1634,1,1,1,2,3,3,4
1635,1,1,3,2,1,1,7
1636,1,1,2,3,2,4,1
1637,1,2,1,3,5,2,3
1638,1,2,1,4,1,1,3
1639,1,2,1,3,2,5,3
1640,1,2,1,1,2,1,4
1641,1,2,3,4,2,4,3
1642,1,1,2,1,4,3,4
1643,1,2,2,2,4,4,5
1644,1,1,3,3,4,4,1
1645,1,2,2,1,5,1,3
1646,1,1,1,4,3,1,1
1647,1,1,2,2,5,2,3
1648,1,2,2,3,5,2,3
1649,1,1,2,2,4,4,4
1650,1,1,1,3,5,5,6
1651,1,2,2,2,3,3,3
1652,1,2,1,2,2,5,7
1653,1,2,3,2,2,3,5
1654,1,2,3,3,1,6,5
1655,1,1,3,3,1,6,1
1656,1,2,3,2,4,1,6
1657,1,1,2,4,1,4,1
1658,1,1,2,2,1,1,3
1659,1,1,2,2,4,1,6
1660,1,1,3,3,4,4,1
1661,1,1,1,1,4,3,7
1662,1,1,1,3,3,3,7
1663,1,2,3,2,1,6,4
1664,1,2,2,1,5,6,4
1665,1,2,3,1,1,2,6
1666,1,1,2,1,3,4,4
1667,1,1,1,4,5,2,4
1668,1,1,3,3,3,4,4
1669,1,2,3,1,4,4,2
1670,1,2,3,3,3,3,3
1671,1,2,2,1,2,2,2
1672,1,1,3,1,1,4,5
1673,1,1,1,1,4,5,3
1674,1,1,1,1,2,5,3
1675,1,1,1,2,3,2,5
1676,1,2,3,1,1,3,7
1677,1,1,2,3,1,3,5
1678,1,2,1,1,2,1,3
1679,1,2,3,4,2,5,7
1680,1,1,2,3,5,5,4
1681,1,1,3,1,5,6,6
1682,1,1,2,2,5,6,6
1683,1,2,3,2,3,3,7
1684,1,2,1,2,5,4,3
1685,1,2,2,3,5,6,3
1686,1,2,2,2,1,1,4
1687,1,2,2,3,2,4,7
1688,1,1,2,2,4,6,2
1689,1,2,2,4,4,5,4
1690,1,2,3,2,1,3,1
1691,1,1,3,3,3,2,2
1692,1,2,1,2,5,6,5
1693,1,2,3,2,3,2,1
1694,1,1,3,1,4,2,1
1695,1,2,3,2,5,2,5
1696,1,1,3,3,2,6,1
1697,1,2,2,4,5,4,7
1698,1,1,3,4,2,3,6
1699,1,1,1,1,5,1,3
1700,1,2,1,1,3,2,2
1701,1,1,2,3,5,4,4
1702,1,1,2,2,2,1,1
1703,1,2,1,3,4,2,2
1704,1,2,1,1,3,3,3
1705,1,1,3,4,3,6,1
1706,1,1,2,3,3,2,4
1707,1,1,3,1,5,3,7
1708,1,2,1,1,5,4,1
1709,1,2,1,3,1,2,4
1710,1,1,3,2,3,2,7
1711,1,2,2,3,5,1,1
1712,1,2,3,2,1,1,5
1713,1,1,1,1,5,3,1
1714,1,2,2,4,4,5,3
1715,1,2,1,2,4,2,5
1716,1,2,2,1,4,6,6
1717,1,2,3,2,5,6,6
1718,1,2,1,4,1,1,7
1719,1,1,3,2,2,5,3
1720,1,2,2,3,2,5,1
1721,1,2,2,1,4,3,3
1722,1,1,2,1,1,6,2
1723,1,2,2,3,3,2,4
1724,1,2,1,4,5,4,1
1725,1,2,2,2,2,2,5
1726,1,1,1,2,3,1,7
1727,1,1,1,2,1,5,6
1728,1,1,3,3,3,4,5
1729,1,1,2,2,5,6,1
1730,1,2,3,2,5,6,2
1731,1,2,1,2,4,3,7
1732,1,1,3,3,2,3,3
1733,1,2,3,2,3,6,6
1734,1,1,1,1,2,6,4
1735,1,2,3,1,4,3,6
1736,1,1,1,4,4,2,4
1737,1,2,3,4,4,4,3
1738,1,1,2,4,1,5,4
1739,1,2,3,4,4,4,6
1740,1,1,3,1,5,5,3
1741,1,1,2,4,3,3,4
1742,1,2,1,4,2,1,6
1743,1,2,3,3,1,1,3
1744,1,2,1,4,5,1,4
1745,1,2,3,2,1,4,5
1746,1,1,2,4,2,3,1
1747,1,1,1,3,2,5,4
1748,1,2,3,3,2,4,3
1749,1,2,3,2,3,2,5
1750,1,1,1,3,4,6,1
1751,1,2,1,3,4,5,6
1752,1,2,1,1,2,5,6
1753,1,2,1,2,2,3,3
1754,1,2,1,3,3,2,2
1755,1,1,1,1,3,3,2
1756,1,2,2,1,2,5,3
1757,1,1,1,4,1,5,2
1758,1,1,2,3,4,3,6
1759,1,1,1,4,2,1,6
1760,1,2,2,2,1,2,5
1761,1,1,1,4,3,4,7
1762,1,1,1,2,2,4,4
1763,1,2,1,2,2,4,4
1764,1,1,3,2,1,3,4
1765,1,1,3,4,4,2,7
1766,1,1,2,3,2,1,1
1767,1,2,3,1,5,5,5
1768,1,1,2,1,4,6,6
1769,1,2,3,4,5,5,1
1770,1,1,2,1,5,6,1
1771,1,2,2,2,5,4,7
1772,1,1,3,1,5,2,3
1773,1,2,2,2,3,1,6
1774,1,2,2,1,3,4,2
1775,1,1,3,2,3,1,4
1776,1,2,3,1,4,6,4
1777,1,1,2,4,1,3,4
1778,1,1,1,3,5,1,6
1779,1,1,2,1,3,6,3
1780,1,2,1,1,1,1,2
1781,1,2,1,2,2,2,4
1782,1,2,3,1,5,5,2
1783,1,2,2,2,5,2,4
1784,1,1,3,4,4,3,2
1785,1,1,3,2,5,2,6
1786,1,1,1,4,5,3,2
1787,1,1,1,4,5,2,7
1788,1,2,2,4,4,1,1
1789,1,1,1,4,5,5,2
1790,1,2,2,2,2,2,6
1791,1,2,1,1,5,5,2
1792,1,2,2,3,3,5,1
1793,1,2,1,4,3,6,7
1794,1,2,3,2,5,4,2
1795,1,2,3,2,3,3,1
1796,1,2,3,4,2,4,7
1797,1,1,1,3,1,5,6
1798,1,2,1,2,5,4,5
1799,1,2,2,1,1,5,4
1800,1,1,3,4,4,6,5
1801,1,2,3,1,5,2,4
1802,1,1,1,2,5,4,6
1803,1,1,2,4,3,3,7
1804,1,1,3,2,1,2,3
1805,1,2,3,4,4,6,6
1806,1,2,2,4,5,2,3
1807,1,1,2,2,5,6,6
1808,1,1,2,4,5,5,7
1809,1,2,1,1,2,6,5
1810,1,1,3,3,3,4,3
1811,1,1,2,4,5,3,1
1812,1,1,3,1,3,2,1
1813,1,1,1,3,5,4,7
1814,1,1,1,3,5,5,5
1815,1,2,3,3,5,4,6
1816,1,2,1,4,3,2,6
1817,1,2,3,3,4,2,3
1818,1,1,2,3,2,2,4
1819,1,2,1,3,2,5,5
1820,1,2,1,3,3,4,4
1821,1,2,1,1,1,1,1
1822,1,2,3,1,3,4,1
1823,1,2,3,2,2,2,6
1824,1,2,3,1,1,6,5
1825,1,1,2,2,1,3,3
1826,1,1,2,4,1,2,1
1827,1,1,2,4,2,1,7
1828,1,1,2,3,5,1,7
1829,1,2,3,4,5,4,2
1830,1,1,2,2,4,5,6
1831,1,2,1,3,1,2,7
1832,1,2,2,1,1,3,1
1833,1,2,1,4,4,4,5
1834,1,2,2,1,1,4,2
1835,1,1,2,3,1,2,6
1836,1,2,1,2,2,6,6
1837,1,1,1,4,2,4,6
1838,1,2,2,2,1,1,4
1839,1,1,2,3,4,1,7
1840,1,1,3,3,2,2,1
1841,1,2,1,2,1,2,6
1842,1,2,2,2,2,5,7
1843,1,1,1,4,3,1,1
1844,1,1,3,4,4,5,6
1845,1,2,1,1,5,5,7
1846,1,1,3,3,5,5,1
1847,1,1,2,1,2,5,4
1848,1,2,2,4,2,6,7
1849,1,2,1,3,2,6,4
1850,1,1,1,4,2,1,1
1851,1,1,2,3,1,3,2
1852,1,2,3,2,4,6,4
1853,1,2,1,1,1,4,3
1854,1,2,1,1,4,6,5
1855,1,1,1,3,2,6,3
1856,1,2,2,4,3,3,7
1857,1,1,1,2,5,2,1
1858,1,2,3,2,1,4,2
1859,1,1,3,4,1,6,5
1860,1,2,2,1,2,3,4
1861,1,2,2,3,5,5,3
1862,1,2,3,4,3,5,4
1863,1,2,3,3,1,4,6
1864,1,1,3,1,1,1,6
1865,1,1,1,1,4,6,4
1866,1,2,2,2,5,1,1
1867,1,2,1,1,5,4,1
1868,1,2,3,2,2,2,4
1869,1,2,1,4,4,4,7
1870,1,1,1,4,5,2,2
1871,1,1,1,1,4,5,4
1872,1,1,3,1,1,2,2
1873,1,1,1,2,4,1,4
1874,1,1,2,2,2,1,2
1875,1,2,2,2,4,2,2
1876,1,1,3,4,2,5,7
1877,1,1,1,4,5,6,2
1878,1,2,3,2,4,5,3
1879,1,1,3,1,2,4,5
1880,1,1,3,3,1,5,1
1881,1,1,2,3,3,6,4
1882,1,1,3,4,1,4,6
1883,1,2,3,1,1,4,4
1884,1,1,3,4,4,5,7
1885,1,1,2,3,4,2,6
1886,1,2,2,3,3,6,3
1887,1,2,2,1,3,3,6
1888,1,1,3,4,4,5,1
1889,1,2,1,4,1,4,5
1890,1,1,1,4,5,5,5
1891,1,1,1,1,3,1,4
1892,1,2,3,4,3,6,7
1893,1,1,2,1,5,3,3
1894,1,2,1,3,2,2,2
1895,1,2,2,1,4,5,1
1896,1,2,1,3,4,5,5
1897,1,2,2,3,2,6,3
1898,1,1,2,3,5,1,4
1899,1,2,1,3,3,2,1
1900,1,1,1,1,1,6,5
1901,1,2,3,4,3,1,1
1902,1,1,1,4,2,3,4
1903,1,1,1,4,5,3,7
1904,1,2,3,2,2,6,1
1905,1,2,1,1,3,4,3
1906,1,1,1,2,3,6,7
1907,1,2,3,4,4,6,1
1908,1,1,1,2,1,6,6
1909,1,1,3,3,3,2,1
1910,1,1,2,3,2,4,4
1911,1,2,3,3,2,4,5
1912,1,1,1,4,4,3,4
1913,1,1,3,3,2,4,5
1914,1,1,3,4,2,2,4
1915,1,1,1,4,3,6,1
1916,1,1,1,3,4,4,5
1917,1,2,3,2,4,3,5
1918,1,1,3,2,3,4,7
1919,1,1,2,1,3,1,5
1920,1,2,3,4,2,1,4
1921,1,1,3,1,4,6,7
1922,1,1,2,3,4,5,1
1923,1,1,1,4,4,3,7
1924,1,1,2,2,1,5,1
1925,1,2,1,2,1,1,2
1926,1,2,1,3,1,1,5
1927,1,2,2,2,1,5,4
1928,1,2,2,3,5,5,1
1929,1,1,2,4,2,3,2
1930,1,1,2,3,5,6,5
1931,1,2,1,2,5,4,2
1932,1,2,1,2,3,4,7
1933,1,1,3,2,1,5,4
1934,1,2,1,3,2,5,6
1935,1,1,1,4,3,2,2
1936,1,1,2,1,4,3,4
1937,1,2,1,4,2,5,6
1938,1,2,3,3,4,6,6
1939,1,1,1,2,5,5,3
1940,1,1,2,4,5,4,2
1941,1,2,1,1,1,1,2
1942,1,2,2,4,5,3,3
1943,1,2,3,1,5,5,5
1944,1,2,2,4,1,5,5
1945,1,2,3,4,3,4,3
1946,1,1,2,1,4,1,6
1947,1,2,1,2,2,4,3
1948,1,1,2,1,4,2,3
1949,1,1,2,3,4,5,2
1950,1,2,3,4,1,3,2
1951,1,2,2,1,4,4,6
1952,1,2,2,3,5,1,1
1953,1,1,2,1,3,6,5
1954,1,1,3,1,3,1,7
1955,1,2,2,4,2,3,5
1956,1,2,2,1,1,1,3
1957,1,2,1,3,1,3,3
1958,1,1,3,2,1,4,5
1959,1,1,3,4,4,6,3
1960,1,2,1,4,4,4,7
1961,1,1,2,3,4,4,1
1962,1,1,2,2,5,5,2
1963,1,2,3,4,5,4,2
1964,1,2,2,3,4,6,4
1965,1,2,3,4,5,1,6
1966,1,1,2,3,2,1,5
1967,1,2,2,2,5,1,5
1968,1,1,2,1,4,4,3
1969,1,1,2,4,5,1,7
1970,1,2,1,2,4,3,7
1971,1,1,3,2,2,5,1
1972,1,2,2,3,4,2,6
1973,1,2,1,2,3,3,7
1974,1,1,1,1,2,1,6
1975,1,2,2,2,2,6,4
1976,1,2,2,3,5,5,5
1977,1,1,1,4,3,5,2
1978,1,2,2,3,1,1,2
1979,1,1,2,3,3,3,3
1980,1,1,3,2,4,3,1
1981,1,2,2,1,2,6,6
1982,1,1,2,1,2,3,4
1983,1,2,1,2,1,1,6
1984,1,2,1,2,5,5,6
1985,1,2,1,1,5,2,6
1986,1,1,1,3,5,6,7
1987,1,1,2,3,4,1,6
1988,1,2,3,4,2,1,3
1989,1,1,3,1,1,4,1
1990,1,1,3,1,3,1,4
1991,1,1,1,3,4,2,3
1992,1,2,2,2,4,2,2
1993,1,1,1,4,5,1,2
1994,1,1,1,2,4,5,7
1995,1,2,1,4,1,5,4
1996,1,2,3,2,2,1,3
1997,1,1,1,4,4,2,2
1998,1,1,1,4,1,4,5
1999,1,2,3,2,1,3,6
2000,1,1,2,1,4,6,3
2001,1,2,1,1,2,2,3
2002,1,1,1,2,1,2,6
2003,1,2,2,1,2,1,3
2004,1,1,2,2,4,1,7
2005,1,2,3,2,4,4,5
2006,1,1,2,1,1,1,1
2007,1,1,2,3,5,6,1
2008,1,1,1,2,1,1,1
2009,1,1,2,2,4,2,1
2010,1,2,3,2,2,3,5
2011,1,2,1,3,5,6,6
2012,1,1,3,3,5,2,2
2013,1,2,1,3,4,6,3
2014,1,1,3,4,4,2,1
2015,1,2,2,4,1,4,1
2016,1,2,3,2,5,5,3
2017,1,1,3,3,4,1,3
2018,1,1,1,1,5,6,7
2019,1,2,1,2,2,2,6
2020,1,2,1,1,1,4,1
2021,1,2,1,1,3,2,1
2022,1,1,2,3,3,2,2
2023,1,1,2,1,5,1,5
2024,1,1,2,1,3,2,7
2025,1,2,3,4,2,6,4
2026,1,2,1,3,5,2,6
2027,1,2,1,2,1,5,4
2028,1,1,1,2,2,6,5
2029,1,2,3,1,5,5,4
2030,1,2,1,3,5,3,6
2031,1,2,3,3,1,3,4
2032,1,1,3,1,1,3,4
2033,1,1,2,1,4,6,4
2034,1,2,2,3,5,1,2
2035,1,2,3,3,1,4,2
2036,1,1,1,2,5,5,3
2037,1,2,1,4,1,4,5
2038,1,1,3,4,3,1,6
2039,1,1,1,2,2,2,2
2040,1,1,1,4,4,1,6
2041,1,1,2,4,4,3,4
2042,1,2,1,4,1,4,6
2043,1,2,1,2,5,6,3
2044,1,1,2,1,2,6,4
2045,1,1,3,3,1,6,4
2046,1,1,1,2,5,3,2
2047,1,2,3,1,5,6,2
2048,1,1,3,2,3,6,2
2049,1,2,3,3,4,2,3
2050,1,2,3,2,2,5,7
2051,1,2,2,3,2,6,3
2052,1,2,1,1,3,5,7
2053,1,2,2,4,2,1,2
2054,1,1,3,3,3,2,6
2055,1,1,2,3,5,2,3
2056,1,1,2,2,3,4,2
2057,1,1,1,3,5,2,2
2058,1,1,3,3,1,6,7
2059,1,2,1,3,3,3,6
2060,1,1,2,2,2,6,4
2061,1,1,1,1,3,4,2
2062,1,2,3,2,3,2,3
2063,1,1,2,4,3,6,6
2064,1,2,1,1,5,6,7
2065,1,2,1,3,3,3,5
2066,1,2,2,4,4,1,3
2067,1,1,1,2,4,5,4
2068,1,2,3,4,1,6,1
2069,1,2,2,2,4,6,5
2070,1,2,1,1,2,2,3
2071,1,1,2,4,3,1,3
2072,1,2,2,3,3,2,7
2073,1,2,2,3,1,1,4
2074,1,2,3,1,4,6,4
2075,1,1,2,4,2,6,4
2076,1,2,2,2,3,1,5
2077,1,1,3,2,2,4,5
2078,1,1,3,4,3,1,5
2079,1,2,1,4,3,3,6
2080,1,2,2,2,4,6,6
2081,1,1,1,2,2,3,4
2082,1,1,1,4,3,4,7
2083,1,1,3,3,1,1,2
2084,1,2,2,2,4,4,3
2085,1,1,2,2,3,2,2
2086,1,2,2,1,3,5,6
2087,1,1,1,2,2,3,1
2088,1,2,1,3,5,3,6
2089,1,2,2,3,3,3,6
2090,1,2,2,1,3,6,3
2091,1,2,3,2,3,3,4
2092,1,1,2,4,5,6,3
2093,1,1,2,1,5,5,1
2094,1,1,1,4,2,4,4
2095,1,1,1,2,5,4,1
2096,1,2,3,1,4,4,7
2097,1,1,1,1,4,6,4
2098,1,1,2,3,4,1,3
2099,1,1,3,4,4,5,7
2100,1,1,3,1,1,3,3
2101,1,1,1,4,3,2,7
2102,1,2,3,4,3,6,2
2103,1,1,3,1,4,4,1
2104,1,1,2,3,5,3,4
2105,1,1,3,3,4,4,2
2106,1,2,1,4,3,4,5
2107,1,2,3,4,1,4,3
2108,1,1,3,2,1,4,4
2109,1,2,2,1,2,5,5
2110,1,1,1,2,3,4,5
2111,1,2,3,3,3,1,2
2112,1,2,3,3,1,4,2
2113,1,2,2,4,4,1,6
2114,1,2,2,4,3,6,1
2115,1,2,1,2,1,2,4
2116,1,1,3,2,3,5,3
2117,1,1,2,4,2,2,1
2118,1,1,3,1,2,2,6
2119,1,1,1,1,5,1,4
2120,1,1,1,3,5,5,5
2121,1,1,2,1,5,5,2
2122,1,2,3,1,3,5,4
2123,1,1,3,2,2,1,4
2124,1,2,2,4,1,3,7
2125,1,2,3,4,3,1,5
2126,1,1,1,2,1,2,6
2127,1,1,1,1,5,3,2
2128,1,1,1,4,2,6,1
2129,1,1,2,2,3,4,7
2130,1,1,3,4,5,2,3
2131,1,2,1,4,2,5,3
2132,1,1,3,2,3,3,2
2133,1,1,2,4,3,6,4
2134,1,1,1,1,4,3,5
2135,1,1,2,1,2,4,1
2136,1,1,1,4,5,3,6
2137,1,2,2,3,4,5,4
2138,1,2,2,1,1,2,4
2139,1,2,3,1,5,6,6
2140,1,2,2,1,3,5,3
2141,1,1,1,2,5,6,6
2142,1,1,3,3,5,5,1
2143,1,1,2,3,2,3,5
2144,1,2,2,2,1,3,1
2145,1,2,1,4,1,1,6
2146,1,2,1,2,2,1,2
2147,1,2,3,4,1,3,5
2148,1,2,3,4,5,5,5
2149,1,1,3,3,2,5,5
2150,1,2,3,1,4,2,3
2151,1,2,2,1,1,6,6
2152,1,2,1,2,3,5,7
2153,1,1,1,4,3,2,3
2154,1,1,2,3,4,4,6
2155,1,1,3,1,2,2,6
2156,1,1,2,2,4,3,1
2157,1,1,3,2,4,3,2
2158,1,1,1,3,1,5,6
2159,1,2,2,4,5,3,7
2160,1,1,1,3,3,6,4
2161,1,1,1,4,3,1,2
2162,1,2,3,4,2,2,6
2163,1,2,1,2,4,4,3
2164,1,2,2,3,2,4,2
2165,1,2,3,1,5,3,6
2166,1,1,1,2,5,4,7
2167,1,1,2,4,2,3,3
2168,1,1,2,2,2,5,1
2169,1,1,3,4,1,1,1
2170,1,2,3,3,2,1,3
2171,1,1,1,4,5,3,6
2172,1,1,3,2,1,1,5
2173,1,1,2,4,1,2,6
2174,1,1,3,1,3,5,5
2175,1,1,2,2,2,3,7
2176,1,1,3,2,3,6,1
2177,1,1,1,4,5,1,6
2178,1,2,3,4,2,4,6
2179,1,2,1,1,2,6,3
2180,1,2,3,4,4,5,7
2181,1,1,3,3,3,4,2
2182,1,1,3,2,2,1,4
2183,1,1,1,4,3,4,3
2184,1,1,1,1,1,4,4
2185,1,2,2,4,4,6,6
2186,1,2,2,2,3,6,2
2187,1,1,1,3,3,1,6
2188,1,2,1,1,4,6,5
2189,1,2,2,3,1,4,1
2190,1,1,1,4,2,5,2
2191,1,1,2,1,3,1,4
2192,1,1,2,2,2,2,3
2193,1,1,3,1,3,2,4
2194,1,1,2,1,3,1,6
2195,1,1,3,4,1,4,5
2196,1,2,3,3,4,3,7
2197,1,1,1,2,3,4,6
2198,1,1,3,3,5,4,4
2199,1,2,3,2,4,6,4
2200,1,2,1,1,2,5,3
2201,1,1,3,2,1,1,4
2202,1,2,1,4,4,5,3
2203,1,2,1,2,2,5,1
2204,1,1,1,1,3,5,6
2205,1,2,3,3,4,4,2
2206,1,2,1,3,4,4,6
2207,1,1,1,1,4,6,4
2208,1,1,1,3,3,5,7
2209,1,2,2,3,1,6,1
2210,1,2,3,2,2,4,5
2211,1,1,2,3,5,4,6
2212,1,2,2,3,2,5,3
2213,1,2,2,2,4,5,6
2214,1,2,2,3,4,6,4
2215,1,2,2,4,4,6,1
2216,1,1,1,3,1,4,5
2217,1,1,3,3,3,1,1
2218,1,2,1,3,5,1,6
2219,1,2,1,3,1,6,5
2220,1,1,1,1,1,5,4
2221,1,1,1,1,3,6,5
2222,1,2,3,2,3,3,7
2223,1,1,3,4,5,4,1
2224,1,2,2,1,2,6,7
2225,1,1,1,4,1,6,5
2226,1,1,3,2,1,2,2
2227,1,1,2,4,4,5,1
2228,1,2,2,1,1,3,6
2229,1,2,3,1,3,1,5
2230,1,1,2,2,4,1,3
2231,1,2,1,3,3,5,6
2232,1,1,2,1,2,1,4
2233,1,2,3,3,4,1,1
2234,1,2,3,2,1,5,2
2235,1,2,3,3,5,3,5
2236,1,2,3,3,1,2,1
2237,1,2,1,4,5,2,4
2238,1,1,1,1,3,1,4
2239,1,2,2,1,5,1,4
2240,1,2,1,3,3,3,4
2241,1,1,3,4,5,4,4
2242,1,1,3,3,1,4,4
2243,1,2,2,1,3,3,2
2244,1,2,2,3,1,5,3
2245,1,1,3,3,1,3,4
2246,1,2,1,4,3,5,5
2247,1,2,3,1,5,5,6
2248,1,2,3,3,4,1,3
2249,1,2,2,4,4,4,6
2250,1,2,1,2,1,6,3
2251,1,1,3,2,1,2,6
2252,1,2,3,2,1,5,5
2253,1,1,3,1,3,2,7
2254,1,1,2,1,1,2,3
2255,1,2,2,4,2,4,6
2256,1,1,2,3,3,1,7
2257,1,2,1,1,3,2,5
2258,1,1,2,3,4,3,5
2259,1,2,3,4,4,5,7
2260,1,1,1,3,5,3,4
2261,1,2,3,2,2,2,7
2262,1,2,3,1,2,4,5
2263,1,2,3,2,3,2,7
2264,1,1,1,1,4,6,6
2265,1,1,3,1,4,1,4
2266,1,2,1,1,3,3,5
2267,1,2,3,3,4,1,5
2268,1,2,1,4,5,1,3
2269,1,2,2,3,4,2,5
2270,1,2,2,1,1,2,5
2271,1,1,3,3,2,3,3
2272,1,2,3,4,2,4,1
2273,1,2,2,2,2,2,3
2274,1,2,3,4,4,3,2
2275,1,2,3,1,2,6,5
2276,1,2,3,4,4,4,6
2277,1,1,2,2,5,2,1
2278,1,1,2,4,2,4,7
2279,1,2,2,1,4,4,5
2280,1,1,2,4,3,1,1
2281,1,1,2,4,3,2,2
2282,1,2,3,2,5,1,6
2283,1,2,2,2,1,2,7
2284,1,2,2,4,3,2,2
2285,1,2,2,3,3,1,3
2286,1,2,2,4,5,5,5
2287,1,1,2,2,5,4,1
2288,1,2,2,1,1,3,1
2289,1,2,3,3,5,2,2
2290,1,1,3,3,3,2,6
2291,1,1,1,3,3,3,5
2292,1,2,2,3,4,6,4
2293,1,1,2,4,4,5,4
2294,1,2,3,3,2,4,1
2295,1,2,1,4,2,5,3
2296,1,1,1,1,2,2,2
2297,1,1,2,3,2,3,1
2298,1,2,3,4,1,2,4
2299,1,1,3,2,1,2,2
2300,1,1,1,4,5,3,7
2301,1,2,3,1,3,4,1
2302,1,1,2,3,1,4,4
2303,1,2,2,4,4,6,4
2304,1,1,3,3,4,4,2
2305,1,2,1,4,3,1,6
2306,1,1,3,4,2,4,4
2307,1,2,1,3,4,5,2
2308,1,1,1,1,5,6,4
2309,1,2,2,1,4,5,1
2310,1,2,1,2,3,4,4
2311,1,2,3,3,2,2,7
2312,1,2,2,2,3,1,3
2313,1,1,3,4,3,1,2
2314,1,1,1,4,4,2,7
2315,1,2,2,4,5,5,4
2316,1,2,3,2,4,4,7
2317,1,2,2,4,2,4,6
2318,1,2,2,1,3,5,2
2319,1,1,3,4,3,5,4
2320,1,1,3,3,1,6,1
2321,1,2,3,4,2,1,7
2322,1,1,2,2,5,5,5
2323,1,1,1,3,3,4,1
2324,1,2,2,1,1,5,7
2325,1,2,2,2,3,4,4
2326,1,2,2,2,5,2,6
2327,1,2,1,1,4,1,3
2328,1,1,3,3,1,1,5
2329,1,1,3,1,3,5,3
2330,1,2,1,1,1,1,4
2331,1,1,2,3,1,2,4
2332,1,2,2,1,3,6,1
2333,1,2,2,2,5,5,4
2334,1,1,2,1,5,2,4
2335,1,2,2,2,5,6,1
2336,1,2,1,1,2,1,4
2337,1,2,3,2,5,6,2
2338,1,1,2,1,4,4,4
2339,1,1,1,2,5,3,6
2340,1,2,1,2,5,2,4
2341,1,2,1,1,3,5,2
2342,1,2,3,4,3,1,2
2343,1,2,2,1,3,1,2
2344,1,1,1,2,1,6,7
2345,1,2,3,2,5,2,6
2346,1,2,2,4,3,5,5
2347,1,2,3,3,3,5,6
2348,1,1,3,4,3,4,7
2349,1,1,1,2,2,6,7
2350,1,1,3,2,3,1,3
2351,1,2,1,2,4,4,6
2352,1,1,2,4,1,2,5
2353,1,1,3,2,3,4,4
2354,1,2,1,2,1,4,6
2355,1,1,1,3,4,6,5
2356,1,2,2,4,5,2,2
2357,1,1,3,1,4,6,2
2358,1,2,3,2,1,2,4
2359,1,2,2,4,1,3,3
2360,1,1,3,2,5,2,2
2361,1,1,2,3,3,2,6
2362,1,2,1,1,4,4,7
2363,1,1,2,4,2,4,1
2364,1,2,1,1,1,5,2
2365,1,2,2,2,3,4,5
2366,1,1,3,1,5,2,4
2367,1,1,3,4,3,4,6
2368,1,1,3,1,2,1,1
2369,1,1,2,1,2,1,5
2370,1,1,1,2,3,6,6
2371,1,1,1,1,3,6,1
2372,1,1,2,1,4,3,1
2373,1,2,1,1,4,3,7
2374,1,2,1,2,4,6,2
2375,1,1,2,1,3,5,6
2376,1,2,2,1,5,6,5
2377,1,1,2,2,4,6,4
2378,1,2,1,3,5,2,6
2379,1,2,2,4,3,1,7
2380,1,1,3,4,1,5,5
2381,1,2,3,2,4,1,4
2382,1,2,2,2,1,2,1
2383,1,2,2,3,3,5,7
2384,1,1,2,1,1,4,7
2385,1,2,1,3,4,2,1
2386,1,2,3,4,5,6,7
2387,1,2,1,4,1,2,4
2388,1,2,3,4,2,3,2
2389,1,1,1,2,3,5,6
2390,1,1,2,4,5,6,4
2391,1,2,1,4,1,5,3
2392,1,2,2,3,5,1,1
2393,1,2,1,3,3,1,5
2394,1,2,3,2,3,1,7
2395,1,2,3,1,5,3,1
2396,1,2,3,3,5,1,6
2397,1,2,3,1,3,3,4
2398,1,1,2,3,5,2,4
2399,1,1,1,2,4,5,6
2400,1,2,2,2,5,2,2
2401,1,2,1,3,3,1,4
2402,1,2,1,2,1,5,1
2403,1,2,3,4,4,4,7
2404,1,1,2,2,4,1,6
2405,1,1,2,2,1,4,3
2406,1,2,1,4,5,3,5
2407,1,2,3,3,4,2,3
2408,1,2,3,1,1,2,2
2409,1,2,3,2,5,6,7
2410,1,1,1,2,5,2,1
2411,1,2,1,2,3,6,7
2412,1,2,1,1,3,3,5
2413,1,2,3,2,3,6,4
2414,1,2,3,2,4,1,5
2415,1,2,3,4,4,2,1
2416,1,1,2,1,3,4,7
2417,1,1,2,1,3,3,1
2418,1,2,1,2,2,6,3
2419,1,2,2,4,5,1,5
2420,1,1,3,4,5,2,4
2421,1,1,1,2,2,6,7
2422,1,2,3,4,1,4,2
2423,1,1,3,4,4,1,4
2424,1,2,1,2,3,4,1
2425,1,2,1,1,2,3,4
2426,1,1,2,1,3,2,4
2427,1,2,1,4,4,2,3
2428,1,2,2,3,3,1,5
2429,1,1,1,2,2,5,4
2430,1,1,1,4,5,1,3
2431,1,2,1,2,1,6,2
2432,1,1,1,2,3,5,3
2433,1,1,3,1,4,5,7
2434,1,1,1,1,2,6,1
2435,1,1,2,3,3,1,2
2436,1,1,1,3,5,4,3
2437,1,1,2,3,3,2,6
2438,1,2,2,1,5,1,1
2439,1,1,3,1,2,2,7
2440,1,2,2,2,4,1,4
2441,1,1,1,2,5,3,1
2442,1,1,3,1,5,5,4
2443,1,1,3,1,5,6,2
2444,1,2,3,2,3,2,5
2445,1,2,2,3,4,6,7
2446,1,1,3,2,3,3,5
2447,1,2,2,3,2,6,4
2448,1,1,1,4,3,4,7
2449,1,1,3,4,3,5,6
2450,1,1,1,2,4,3,2
2451,1,1,1,4,4,3,1
2452,1,2,2,3,4,6,6
2453,1,2,1,1,2,3,7
2454,1,2,1,3,5,4,7
2455,1,2,1,2,1,4,5
2456,1,1,1,3,2,4,6
2457,1,1,1,4,5,2,7
2458,1,2,1,3,4,5,3
2459,1,2,1,4,4,2,4
2460,1,2,3,2,5,4,6
2461,1,1,3,4,5,1,4
2462,1,2,2,1,3,2,1
2463,1,1,3,4,4,3,3
2464,1,2,1,3,1,2,5
2465,1,1,2,4,3,1,1
2466,1,1,3,3,1,3,4
2467,1,1,2,2,3,3,4
2468,1,1,3,1,5,2,4
2469,1,2,2,4,3,6,4
2470,1,1,3,3,2,6,7
2471,1,2,2,1,1,6,5
2472,1,1,3,3,2,3,1
2473,1,2,1,4,4,3,3
2474,1,1,2,4,5,2,4
2475,1,1,2,2,3,2,4
2476,1,1,1,2,2,4,1
2477,1,1,3,2,5,5,2
2478,1,1,3,4,1,1,4
2479,1,1,2,1,5,4,6
2480,1,1,3,4,3,4,5
2481,1,1,2,4,2,2,1
2482,1,1,1,2,1,2,6
2483,1,2,2,2,1,3,6
2484,1,1,1,4,3,3,2
2485,1,2,2,1,1,5,2
2486,1,2,2,4,1,5,5
2487,1,2,3,2,1,3,1
2488,1,1,3,3,3,6,4
2489,1,2,3,2,3,2,3
2490,1,1,2,4,5,6,2
2491,1,2,3,3,2,4,4
2492,1,2,3,2,4,4,3
2493,1,1,1,2,5,1,3
2494,1,2,3,1,4,4,7
2495,1,2,1,4,5,6,7
2496,1,1,1,1,5,2,7
2497,1,1,2,1,4,5,1
2498,1,2,2,1,3,6,1
2499,1,2,2,1,3,6,7
2500,1,2,2,1,1,3,7
2501,1,2,3,3,1,4,6
2502,1,2,1,1,2,6,5
2503,1,1,1,2,3,5,5
2504,1,1,3,3,3,4,6
2505,1,2,3,2,1,6,6
2506,1,2,1,3,1,6,3
2507,1,2,2,3,1,6,5
2508,1,2,3,1,2,3,5
2509,1,1,1,2,2,6,5
2510,1,2,3,1,3,2,7
2511,1,1,3,3,4,2,1
2512,1,1,1,4,4,1,1
2513,1,1,1,2,2,5,4
2514,1,1,1,1,3,1,3
2515,1,2,2,4,4,5,1
2516,1,2,1,2,2,5,3
2517,1,1,1,2,5,2,7
2518,1,1,1,3,4,5,5
2519,1,1,1,1,2,6,6
2520,1,2,3,4,1,5,7
2521,1,1,2,4,5,2,4
2522,1,2,1,4,4,3,6
2523,1,1,2,3,2,1,3
2524,1,1,2,4,5,4,1
2525,1,2,1,3,3,2,6
2526,1,2,1,2,2,3,6
2527,1,2,1,3,2,1,6
2528,1,2,2,3,3,4,7
2529,1,1,1,2,2,3,2
2530,1,1,2,2,2,6,4
2531,1,1,3,4,1,6,7
2532,1,1,3,2,3,3,7
2533,1,1,1,2,4,4,1
2534,1,1,3,2,3,5,3
2535,1,2,2,4,1,3,5
2536,1,1,2,1,2,5,6
2537,1,2,1,3,4,6,6
2538,1,1,2,1,2,5,1
2539,1,1,2,4,4,4,4
2540,1,2,3,3,3,4,4
2541,1,2,1,4,3,2,7
2542,1,1,2,4,3,5,5
2543,1,2,3,3,1,3,6
2544,1,2,1,2,3,2,4
2545,1,2,2,3,2,6,2
2546,1,1,3,4,3,1,3
2547,1,2,2,1,4,3,2
2548,1,2,2,3,5,5,2
2549,1,2,1,1,3,6,4
2550,1,2,3,2,4,6,1
2551,1,1,1,1,3,5,5
2552,1,1,3,3,2,2,3
2553,1,2,1,4,2,5,4
2554,1,2,3,3,4,6,7
2555,1,2,1,4,2,2,2
2556,1,1,1,1,1,2,1
2557,1,2,1,1,5,1,6
2558,1,1,3,1,3,4,4
2559,1,1,1,2,2,1,5
2560,1,2,1,3,4,1,6
2561,1,2,1,1,3,4,3
2562,1,2,2,4,3,4,2
2563,1,1,2,4,3,6,1
2564,1,2,1,4,1,2,1
2565,1,1,3,1,4,5,4
2566,1,1,1,2,4,4,7
2567,1,1,2,3,5,3,6
2568,1,1,1,1,4,5,7
2569,1,2,1,3,2,4,5
2570,1,1,3,4,4,2,5
2571,1,2,3,4,1,1,1
2572,1,2,2,3,2,5,5
2573,1,2,1,2,2,4,2
2574,1,2,2,1,4,1,6
2575,1,1,1,2,2,1,6
2576,1,2,3,4,1,2,1
2577,1,2,2,3,1,6,4
2578,1,1,3,2,1,5,7
2579,1,1,3,4,3,4,7
2580,1,2,1,2,2,1,6
2581,1,2,1,1,4,4,3
2582,1,1,3,4,3,5,1
2583,1,2,1,3,4,2,4
2584,1,2,2,3,1,6,1
2585,1,2,2,3,3,5,3
2586,1,2,2,2,3,1,4
2587,1,1,1,3,4,5,2
2588,1,2,1,2,3,4,4
2589,1,1,3,1,4,1,7
2590,1,2,1,4,2,3,1
2591,1,2,3,4,1,3,2
2592,1,1,3,4,4,3,2
2593,1,2,2,2,5,4,5
2594,1,2,1,2,1,6,6
2595,1,2,2,1,2,3,7
2596,1,1,2,4,1,1,4
2597,1,1,3,2,4,3,5
2598,1,2,2,1,5,6,4
2599,1,2,3,2,2,6,4
2600,1,1,3,4,3,2,5
2601,1,1,2,4,3,2,4
2602,1,1,1,1,5,3,5
2603,1,2,1,4,4,2,4
2604,1,1,2,4,4,1,5
2605,1,1,3,2,3,4,4
2606,1,2,1,1,4,5,5
2607,1,2,2,4,5,6,5
2608,1,1,1,3,1,5,1
2609,1,1,1,2,3,3,6
2610,1,2,2,3,2,6,7
2611,1,2,2,4,2,2,5
2612,1,2,3,1,1,4,1
2613,1,1,3,2,1,1,2
2614,1,2,3,3,1,3,4
2615,1,1,3,3,1,1,5
2616,1,1,2,2,1,4,6
2617,1,2,1,2,4,4,5
2618,1,2,1,2,2,3,3
2619,1,2,2,2,3,2,3
2620,1,1,1,4,3,2,4
2621,1,2,3,4,1,4,6
2622,1,1,1,4,5,2,5
2623,1,1,2,4,3,2,2
2624,1,2,3,1,2,1,1
2625,1,1,1,1,2,6,6
2626,1,1,3,1,2,1,2
2627,1,2,1,4,3,2,1
2628,1,2,2,2,3,4,5
2629,1,1,2,4,1,6,2
2630,1,2,2,2,1,6,3
2631,1,2,1,2,4,5,4
2632,1,2,3,3,1,3,4
2633,1,2,1,3,2,5,3
2634,1,1,2,4,2,4,5
2635,1,1,3,4,3,3,4
2636,1,1,2,1,5,3,3
2637,1,1,3,2,5,3,6
2638,1,1,2,4,3,4,3
2639,1,1,1,1,4,5,3
2640,1,1,1,2,3,5,5
2641,1,2,1,2,5,3,4
2642,1,2,2,1,2,3,5
2643,1,2,3,4,1,4,7
2644,1,1,2,3,1,5,1
2645,1,2,2,1,2,4,6
2646,1,2,1,1,4,6,1
2647,1,1,2,4,5,3,2
2648,1,1,1,1,1,4,2
2649,1,2,1,2,3,4,4
2650,1,2,2,3,2,1,5
2651,1,2,2,1,4,1,5
2652,1,2,2,4,4,2,7
2653,1,1,1,1,1,6,5
2654,1,2,3,2,2,2,5
2655,1,2,1,1,1,5,3
2656,1,1,3,2,2,2,5
2657,1,1,2,3,2,1,1
2658,1,2,2,1,1,5,2
2659,1,1,2,1,5,6,7
2660,1,1,2,1,2,3,1
2661,1,2,2,1,5,5,6
2662,1,1,2,2,3,3,2
2663,1,1,2,3,1,2,7
2664,1,1,2,1,5,1,7
2665,1,2,3,4,3,2,4
2666,1,2,3,4,1,2,5
2667,1,1,3,2,4,5,7
2668,1,2,2,4,5,6,4
2669,1,2,3,2,5,4,1
2670,1,2,3,1,5,2,6
2671,1,1,1,4,2,3,7
2672,1,2,3,3,5,1,5
2673,1,2,2,3,1,4,2
2674,1,1,3,2,3,4,1
2675,1,1,3,3,1,2,3
2676,1,1,3,2,1,2,5
2677,1,2,2,3,2,6,6
2678,1,1,3,1,4,3,5
2679,1,1,3,1,5,4,3
2680,1,2,2,3,1,4,6
2681,1,2,3,1,1,6,3
2682,1,2,2,3,5,5,5
2683,1,2,1,1,4,4,6
2684,1,1,2,1,2,1,1
2685,1,1,1,2,4,6,5
2686,1,1,2,4,3,5,3
2687,1,1,2,1,2,2,7
2688,1,1,3,3,1,3,6
2689,1,1,2,1,3,6,3
2690,1,2,3,4,1,2,7
2691,1,1,3,2,2,2,2
2692,1,1,1,3,5,4,2
2693,1,1,1,3,5,2,5
2694,1,2,1,1,1,6,6
2695,1,1,1,1,3,2,3
2696,1,2,1,3,5,5,4
2697,1,2,1,2,3,3,3
2698,1,1,1,1,1,4,4
2699,1,1,2,2,5,6,4
2700,1,1,1,2,1,3,7
2701,1,2,3,3,3,4,4
2702,1,2,1,3,3,4,2
2703,1,2,1,4,1,3,5
2704,1,2,3,1,4,1,5
2705,1,1,3,3,2,1,1
2706,1,2,3,1,5,6,5
2707,1,1,1,3,5,3,4
2708,1,2,1,4,2,1,5
2709,1,2,3,4,5,4,2
2710,1,1,1,3,3,4,5
2711,1,1,3,4,4,3,4
2712,1,1,3,2,4,5,1
2713,1,1,3,4,2,6,4
2714,1,1,1,1,5,1,7
2715,1,2,1,1,2,5,6
2716,1,1,2,2,3,3,3
2717,1,1,3,3,2,3,7
2718,1,1,3,3,1,6,5
2719,1,2,1,4,2,1,2
2720,1,2,1,1,2,5,6
2721,1,1,3,3,1,6,2
2722,1,1,3,2,1,5,5
2723,1,2,1,4,4,6,5
2724,1,1,3,1,5,6,3
2725,1,2,1,3,5,4,4
2726,1,1,1,3,4,1,5
2727,1,1,1,3,2,3,2
2728,1,1,2,1,1,3,7
2729,1,1,1,3,5,3,7
2730,1,2,2,1,5,2,4
2731,1,2,1,3,5,4,7
2732,1,1,1,1,5,2,6
2733,1,1,1,2,2,4,1
2734,1,1,3,4,5,3,1
2735,1,2,2,1,2,1,6
2736,1,2,1,3,2,1,6
2737,1,1,1,3,2,6,4
2738,1,1,2,1,1,1,3
2739,1,1,2,4,5,2,5
2740,1,1,2,1,5,4,3
2741,1,2,2,3,3,2,7
2742,1,2,2,3,3,3,4
2743,1,2,2,4,4,4,7
2744,1,1,2,4,5,1,2
2745,1,2,2,3,2,3,5
2746,1,1,2,3,2,1,7
2747,1,1,3,4,5,3,4
2748,1,2,2,1,5,1,4
2749,1,2,3,3,2,6,1
2750,1,2,3,4,4,1,4
2751,1,1,3,2,5,5,6
2752,1,2,2,3,2,3,6
2753,1,2,1,3,5,2,3
2754,1,2,3,3,2,1,4
2755,1,2,1,2,5,2,5
2756,1,2,3,2,1,5,7
2757,1,1,3,3,2,5,7
2758,1,2,2,2,4,4,6
2759,1,2,1,3,1,6,5
2760,1,1,3,2,4,3,7
2761,1,1,2,4,1,4,2
2762,1,1,1,2,4,5,7
2763,1,1,1,1,3,1,3
2764,1,2,1,4,4,1,2
2765,1,2,2,4,5,5,4
2766,1,2,1,4,4,2,1
2767,1,1,3,4,2,2,5
2768,1,1,2,3,3,2,4
2769,1,2,1,1,1,1,5
2770,1,1,2,1,4,2,7
2771,1,2,3,2,3,1,4
2772,1,2,1,1,2,4,1
2773,1,1,3,4,3,2,7
2774,1,2,3,3,2,2,1
2775,1,1,1,3,1,5,4
2776,1,2,2,4,5,6,5
2777,1,2,1,4,2,2,4
2778,1,1,1,2,2,2,3
2779,1,1,2,4,1,4,7
2780,1,2,1,2,2,4,4
2781,1,1,2,1,4,2,2
2782,1,2,3,1,5,5,4
2783,1,1,1,4,4,1,6
2784,1,1,1,3,2,2,4
2785,1,2,3,1,5,4,2
2786,1,2,1,1,4,3,1
2787,1,1,3,1,2,3,2
2788,1,1,1,1,2,6,4
2789,1,1,3,1,5,6,5
2790,1,1,2,4,5,5,5
2791,1,2,2,3,3,1,7
2792,1,2,2,4,5,5,4
2793,1,2,3,4,4,5,7
2794,1,1,1,4,2,2,4
2795,1,1,2,1,2,5,1
2796,1,2,1,4,1,6,3
2797,1,2,2,3,1,4,5
2798,1,2,3,2,4,2,4
2799,1,1,3,4,2,5,2
2800,1,2,1,2,1,1,2
2801,1,1,1,1,1,5,3
2802,1,2,1,2,5,5,4
2803,1,2,1,1,2,1,5
2804,1,2,1,4,2,4,3
2805,1,2,3,3,1,6,7
2806,1,1,1,4,1,4,3
2807,1,2,1,2,5,1,3
2808,1,2,3,3,2,6,5
2809,1,2,3,3,1,3,4
2810,1,2,2,4,1,5,7
2811,1,2,1,4,5,5,5
2812,1,2,3,1,3,6,7
2813,1,1,1,2,1,6,6
2814,1,1,3,4,5,6,1
2815,1,2,2,3,4,6,6
2816,1,1,1,2,4,4,2
2817,1,1,1,2,3,2,4
2818,1,2,1,2,3,5,3
2819,1,2,2,3,3,6,2
2820,1,2,3,1,4,5,3
2821,1,1,2,4,1,1,4
2822,1,2,3,3,4,2,2
2823,1,2,2,3,5,6,4
2824,1,2,3,4,4,6,4
2825,1,1,3,4,3,6,7
2826,1,1,1,3,1,5,3
2827,1,1,1,3,4,1,1
2828,1,1,2,4,5,4,1
2829,1,2,3,4,1,6,6
2830,1,1,3,3,5,1,4
2831,1,2,2,3,2,4,7
2832,1,1,3,1,3,3,7
2833,1,1,2,4,4,5,7
2834,1,1,3,4,4,6,7
2835,1,1,2,4,5,5,1
2836,1,2,1,2,5,6,2
2837,1,1,1,1,1,2,4
2838,1,2,2,2,2,6,3
2839,1,1,2,3,4,4,4
2840,1,2,1,3,3,1,4
2841,1,1,3,1,2,3,6
2842,1,1,1,2,1,6,4
2843,1,2,1,2,2,3,1
2844,1,1,2,1,5,6,6
2845,1,2,3,3,4,3,6
2846,1,1,2,4,2,4,2
2847,1,1,1,3,2,1,6
2848,1,2,1,3,2,2,1
2849,1,1,3,2,5,6,4
2850,1,1,3,4,2,3,2
2851,1,1,1,2,2,4,7
2852,1,1,3,4,5,1,7
2853,1,1,2,1,4,6,2
2854,1,2,3,4,5,3,6
2855,1,1,1,1,2,4,5
2856,1,2,3,1,1,2,4
2857,1,1,3,4,3,2,4
2858,1,2,1,2,5,2,5
2859,1,1,1,1,1,5,5
2860,1,1,2,4,1,1,7
2861,1,2,1,3,5,5,6
2862,1,1,2,1,4,3,1
2863,1,1,2,1,5,6,7
2864,1,2,2,4,4,3,1
2865,1,1,3,3,4,5,1
2866,1,2,3,4,2,5,6
2867,1,1,1,4,4,5,2
2868,1,1,1,3,4,3,1
2869,1,1,2,2,5,1,4
2870,1,2,2,2,3,6,2
2871,1,2,3,2,1,3,7
2872,1,2,3,2,4,4,4
2873,1,2,1,1,3,3,4
2874,1,2,1,2,1,6,5
2875,1,2,2,3,2,2,3
2876,1,1,3,1,2,6,5
2877,1,2,3,1,4,3,3
2878,1,2,3,2,4,4,6
2879,1,1,2,3,4,3,7
2880,1,2,3,3,5,5,4
2881,1,1,2,2,3,1,5
2882,1,1,2,1,1,6,2
2883,1,1,3,4,5,1,1
2884,1,2,1,2,4,1,1
2885,1,1,1,3,1,6,5
2886,1,1,1,2,2,2,4
2887,1,1,3,3,4,1,5
2888,1,2,3,1,1,6,1
2889,1,2,1,4,3,6,7
2890,1,1,3,1,5,4,7
2891,1,1,3,3,4,1,4
2892,1,2,3,1,1,2,1
2893,1,1,1,2,1,6,5
2894,1,2,1,3,5,2,5
2895,1,2,2,2,1,6,7
2896,1,2,3,2,1,5,6
2897,1,2,1,1,1,2,1
2898,1,1,2,3,2,2,5
2899,1,2,2,2,2,3,2
2900,1,1,2,3,3,3,5
2901,1,2,3,1,5,4,3
2902,1,1,2,1,5,1,6
2903,1,1,1,3,3,6,3
2904,1,2,2,3,2,6,1
2905,1,2,1,1,5,6,2
2906,1,2,3,2,5,6,2
2907,1,1,3,1,5,4,5
2908,1,2,1,3,5,5,4
2909,1,1,3,4,4,4,2
2910,1,2,3,4,2,3,7
2911,1,1,3,1,1,1,5
2912,1,2,2,3,1,6,6
2913,1,2,2,4,5,6,4
2914,1,2,3,4,1,1,3
2915,1,1,2,1,1,2,1
2916,1,2,1,1,4,1,4
2917,1,1,1,3,4,4,3
2918,1,2,3,1,1,6,2
2919,1,1,3,4,3,1,5
2920,1,1,2,3,4,3,1
2921,1,1,2,1,2,2,2
2922,1,2,2,3,5,3,2
2923,1,1,2,2,2,2,4
2924,1,1,1,1,1,1,1
2925,1,1,1,4,5,5,4
2926,1,2,2,2,4,2,2
2927,1,1,3,4,2,6,1
2928,1,2,2,1,1,5,3
2929,1,2,3,4,2,6,4
2930,1,1,3,4,4,1,1
2931,1,2,3,3,2,6,7
2932,1,2,3,2,2,1,6
2933,1,2,2,3,2,3,1
2934,1,2,3,3,1,1,7
2935,1,1,3,4,3,3,4
2936,1,1,1,2,2,4,4
2937,1,1,2,1,2,4,1
2938,1,1,3,4,1,1,7
2939,1,2,2,1,5,4,3
2940,1,2,3,3,2,6,2
2941,1,2,3,4,1,6,5
2942,1,2,1,1,2,4,2
2943,1,1,1,3,1,3,5
2944,1,1,3,3,1,3,5
2945,1,1,2,2,4,4,3
2946,1,1,2,2,4,5,3
2947,1,1,1,1,4,3,6
2948,1,1,1,2,2,4,5
2949,1,2,1,1,2,4,4
2950,1,1,3,1,4,6,6
2951,1,2,2,4,5,2,7
2952,1,1,1,2,2,6,3
2953,1,2,1,1,4,6,5
2954,1,1,2,3,2,6,7
2955,1,2,2,1,3,3,6
2956,1,2,2,4,2,3,1
2957,1,1,3,3,2,5,3
2958,1,2,1,3,5,6,2
2959,1,2,2,3,2,6,4
2960,1,1,2,2,2,5,7
2961,1,2,2,2,3,2,4
2962,1,1,3,1,5,6,3
2963,1,2,2,3,3,1,5
2964,1,2,2,3,2,4,6
2965,1,2,2,2,5,5,1
2966,1,1,3,1,4,6,2
2967,1,2,2,3,4,3,7
2968,1,1,2,1,2,2,5
2969,1,1,1,4,2,4,7
2970,1,1,2,3,3,2,7
2971,1,1,3,4,2,2,6
2972,1,1,3,3,3,5,1
2973,1,1,3,2,4,4,7
2974,1,2,2,2,1,4,5
2975,1,2,1,4,4,1,2
2976,1,2,2,1,2,4,3
2977,1,2,1,4,3,1,6
2978,1,1,2,3,1,6,4
2979,1,2,2,3,3,6,6
2980,1,1,2,2,4,2,1
2981,1,1,3,1,3,6,7
2982,1,2,2,2,1,4,5
2983,1,2,3,3,3,3,5
2984,1,2,3,3,1,3,6
2985,1,1,2,4,1,3,2
2986,1,1,2,1,3,5,1
2987,1,2,3,2,4,4,2
2988,1,1,1,4,3,1,7
2989,1,2,2,1,5,3,2
2990,1,2,3,2,2,1,6
2991,1,1,1,1,3,6,1
2992,1,1,1,3,5,1,2
2993,1,2,1,3,4,4,5
2994,1,1,1,1,2,3,1
2995,1,2,3,4,4,4,7
2996,1,1,3,4,5,6,2
2997,1,1,1,3,5,2,7
2998,1,1,2,3,5,5,1
2999,1,1,3,2,5,4,3
3000,1,1,2,2,5,5,2
